{
  "account": "Учетная запись",
  "azureCategoryName": "Azure",
  "azureCategoryDescription": "Размещение приложения в Microsoft Cloud",
  "azureCategoryMultipleTargetsDescription": "Какую службу Azure вы хотели бы использовать для размещения приложения?",
  "containerRegistryCategoryName": "Реестр контейнеров Docker",
  "containerRegistryCategoryDescription": "Публикация приложения в любом поддерживаемом Реестре контейнеров, работающем с образами Docker.",
  "containerRegistryCategoryMultipleTargetsDescription": "Какой Реестр контейнеров вы хотите использовать для размещения приложения?",
  "folderCategoryName": "Папка",
  "folderCategoryDescription": "Публикация приложения в локальной или общей папке.",
  "folderCategoryMultipleTargetsDescription": "В какой локальный целевой объект вы хотите выполнить публикацию?",
  "ftpCategoryName": "FTP/FTPS-сервер",
  "ftpCategoryDescription": "Опубликуйте приложение на сервере FTP или FTPS.",
  "iisCategoryName": "Веб-сервер (IIS)",
  "iisCategoryDescription": "Публикация приложения в IIS с помощью веб-развертывания или пакета веб-развертывания.",
  "importCategoryName": "Импортировать профиль",
  "importCategoryDescription": "Импортируйте параметры публикации для развертывания приложения.",
  "aspireAcaAzDevEnvironmentTargetName": "Контейнеры приложений Azure для .NET Aspire",
  "aspireAcaAzDevEnvironmentTragetDescription": "Развертывание проекта .NET Aspire в Контейнерах приложений Azure с помощью Azure Developer CLI (AZD)",
  "azureAppServiceContainerLinuxTargetName": "Контейнер Службы приложений Azure",
  "azureAppServiceContainerLinuxTargetDescription": "Публикация приложения в виде образа Docker в Реестре контейнеров Azure и его запуск в Службе приложений Azure.",
  "azureAppServiceLinuxTargetName": "Служба приложений Azure (Linux)",
  "azureAppServiceLinuxTargetDescription": "Опубликуйте код приложения в управляемой инфраструктуре, которую легко масштабировать.",
  "azureAppServiceWindowsTargetName": "Служба приложений Azure (Windows)",
  "azureAppServiceWindowsTargetDescription": "Опубликуйте код приложения в управляемой инфраструктуре, которую легко масштабировать.",
  "azureContainerAppLinuxTargetName": "Контейнеры приложений Azure (Linux)",
  "azureContainerAppLinuxTargetDescription": "Запуск масштабируемых контейнерных приложений и микрослужб на бессерверной платформе в Azure",
  "azureContainerRegistryTargetName": "Реестр контейнеров Azure",
  "azureContainerRegistryTargetDescription": "Публикация приложения в виде образа Docker в Реестре контейнеров Azure.",
  "azureFunctionAppContainerLinuxTargetName": "Контейнер приложения-функции Azure",
  "azureFunctionAppContainerLinuxTargetDescription": "Опубликуйте приложение в виде образа Docker в Реестре контейнеров Azure и запустите его в приложении-функции Azure.",
  "azureFunctionAppLinuxTargetName": "Приложение-функция Azure (Linux)",
  "azureFunctionAppLinuxTargetDescription": "Опубликуйте код приложения в бессерверной вычислительной среде, которая масштабируется динамически и выполняет код по запросу.",
  "azureFunctionAppTargetName": "Приложение-функция Azure",
  "azureFunctionAppTargetDescription": "Опубликуйте код приложения в бессерверной вычислительной среде, которая масштабируется динамически и выполняет код по запросу.",
  "azureKubernetesServiceTargetName": "Служба Azure Kubernetes",
  "azureKubernetesServiceTargetDescription": "Управление кластерами Kubernetes для оркестрации контейнеров корпоративного уровня в Azure",
  "azureSpringCloudSteelToeTargetName": "Azure Spring Cloud",
  "azureSpringCloudSteelToeTargetDescription": "Опубликуйте код приложения в полностью управляемой службе с помощью управляемых компонентов Spring Cloud в реестре служб и управлении конфигурацией.",
  "azureStaticWebAppTargetName": "Статические веб-приложения Azure",
  "azureStaticWebAppTargetDescription": "Публикация кода приложения на бессерверной платформе в Azure",
  "azureVirtualMachineTargetName": "Виртуальная машина Azure",
  "azureVirtualMachineTargetDescription": "Управляйте своей инфраструктурой самостоятельно.",
  "azureWebJobsTargetName": "Веб-задания Azure (Windows)",
  "azureWebJobsTargetDescription": "Опубликуйте код приложения в управляемой инфраструктуре, которую легко масштабировать.",
  "azureWebJobsCreateNewText": "Создать веб-задание Azure…",
  "azureWebJobsDescription": "Выберите существующее или создайте новое веб-задание Azure.",
  "azureWebJobsLinuxTargetName": "Веб-задания Azure (Linux) (предварительная версия)",
  "azureWebJobsLinuxTargetDescription": "Опубликуйте код приложения в управляемой инфраструктуре, которую легко масштабировать.",
  "dockerContainerRegistryTargetName": "Docker Hub",
  "dockerContainerRegistryTargetDescription": "Публикация приложения в виде образа Docker в Docker Hub.",
  "dockerCustomContainerRegistryTargetName": "Другой Реестр контейнеров Docker",
  "dockerCustomContainerRegistryTargetDescription": "Публикация приложения в виде образа Docker в любом поддерживаемом Реестре контейнеров.",
  "ftpSitePath": "Путь к FTP-сайту",
  "ftpPassiveMode": "Пассивный режим FTP",
  "ftpTargetName": "FTP-сервер",
  "ftpTargetDescription": "Опубликуйте код приложения на FTP-сервере.",
  "iisAppPath": "Приложение IIS",
  "iisWebDeployTargetName": "Веб-развертывание",
  "iisWebDeployTargetDescription": "Опубликуйте код приложения в IIS с помощью веб-развертывания.",
  "iisWebDeployPackageTargetName": "Пакет веб-развертывания",
  "iisWebDeployPackageTargetDescription": "Опубликуйте код приложения в IIS с помощью пакета веб-развертывания.",
  "attentionRequired": "Требуется действие.",
  "azCopyService": "AzCopy службы хранилища Azure",
  "azCopyServiceDescription": "Позволяет копировать файлы в различные службы Azure.",
  "apiLocation": "Расположение API",
  "appLocation": "Расположение приложения",
  "azdCli": "Azure Developer CLI (azd)",
  "azdCliDescription": "Средство с открытым кодом, ускоряющее перевод приложения из локальной среды разработки в Azure. Оно предоставляет оптимальные, понятные для разработчиков команды, которые соответствуют ключевым этапам вашего рабочего процесса, если вы работаете в терминале, редакторе, интегрированной среде разработки (IDE) или CI/CD (непрерывной интеграции/непрерывном развертывании).",
  "azdCliInstallFailure": "Не удалось установить AZD. Щелкните ссылку \"Дополнительные сведения\", чтобы выполнить установку вручную. После установки AZD закройте это диалоговое окно и повторите попытку.",
  "azureApiManagement": "Управление API Azure",
  "containerBuild": "Сборка контейнера",
  "containerAppsEnvironment": "Среда контейнеров приложений",
  "containerName": "Имя контейнера",
  "containerRegistry": "Реестр контейнеров",
  "containerRegistrySecrets": "Секреты реестра контейнеров",
  "copied": "Скопировано",
  "deleteAdditionalFiles": "Удаление дополнительных файлов в месте назначения",
  "deleteExistingFiles": "Удалить существующие файлы",
  "deploymentMode": "Режим развертывания",
  "deploymentSlot": "Слот развертывания",
  "defaultTargetName": "По умолчанию",
  "defaultTargetDescription": "По умолчанию",
  "dotnetEnvironment": "DOTNET_ENVIRONMENT",
  "editConfiguration": "Изменить конфигурацию",
  "editDeleteExistingFiles": "Изменить удаление существующих файлов",
  "editDeploymentMode": "Изменить режим развертывания",
  "editPassword": "Изменить пароль",
  "editSdkVersion": "Изменить версию SDK",
  "editTargetRuntime": "Изменить целевую среду выполнения",
  "editTargetVersion": "Изменить целевую платформу",
  "editUserName": "Изменить имя пользователя",
  "editWebJobName": "Изменить имя веб-задания",
  "editWebJobType": "Изменить тип веб-задания",
  "editWorkflow": "Изменить рабочий процесс",
  "environment": "Среда",
  "environmentName": "Имя среды",
  "error": "Ошибка",
  "frameworkDependent": "Зависит от платформы",
  "githubGettingWorkflowStatus": "Получение состояния рабочего процесса",
  "githubSecret": "Имя секрета GitHub",
  "githubSecretExists": "Секрет найден в репозитории.",
  "gitHubServicePrincipalSecret": "Имя секрета субъекта-службы GitHub",
  "githubActionsWorkflow": "Рабочий процесс GitHub Actions",
  "github_secret_help_description": "Как секреты используются в рабочих процессах?",
  "github_serviceprincipal_help_description": "Зачем нужен субъект-служба?",
  "hostingSection": "Размещение",
  "imageName": "Имя изображения",
  "imageTag": "Тег изображения",
  "ingressTargetPort": "Целевой порт",
  "installSiteExtensions": "Установка расширения сайта ASP.NET Core",
  "lastUsedBuildConfiguration": "Конфигурация",
  "location": "Расположение",
  "logAnalyticsWorkspace": "Рабочая область Log Analytics",
  "name": "Имя",
  "newEnvironment": "Создать окружение",
  "notProvisionedYet": "Пока не подготовлено",
  "ok": "ОК",
  "openFolder": "Открыть папку",
  "openInAzurePortal": "Открыть на портале Azure",
  "openSite": "Открыть сайт",
  "outputLocation": "Расположение выходных данных",
  "password": "Пароль",
  "portable": "Переносимый",
  "publishProfileSecret": "Секрет профиля публикации",
  "repository": "Репозиторий",
  "resources": "Ресурсы",
  "resourceGroup": "Группа ресурсов",
  "resourceName": "Имя ресурса",
  "sdkVersion": "Версия пакета SDK для .NET",
  "selfContained": "Автономный",
  "server": "Сервер",
  "servicesSection": "Службы",
  "serviceDependenciesSection": "Зависимости службы",
  "servicePrincipalSecret": "Секрет субъекта-службы",
  "settingsSection": "Параметры",
  "showAll": "Показать все параметры",
  "siteUrl": "URL-адрес сайта",
  "site": "Сайт:",
  "source": "Источник",
  "subscription": "Подписка",
  "targetFramework": "Целевая платформа",
  "targetLocation": "Целевое расположение",
  "targetRuntime": "Целевая среда выполнения",
  "userName": "Имя пользователя",
  "vsWebWorkload": "ASP.NET и разработка веб-приложений",
  "vsWebWorkloadDescription": "Создание веб-приложений с использованием ASP.NET Core, ASP.NET, HTML/JavaScript и контейнеров, включая поддержку Docker.",
  "warning": "Предупреждение",
  "willBeGeneratedDuringPublish": "<Будет создано во время публикации>",
  "webJobName": "Имя веб-задания",
  "webJobType": "Тип веб-задания",
  "workflowTriggers": "Триггеры",
  "containerPrereqFailure": "Отсутствуют необходимые компоненты для контейнера.",
  "editCredentials": "Изменить учетные данные",
  "failedToGenerateAndPushSwagger": "Не удалось создать и отправить определение OpenAPI в Управление API после развертывания.",
  "failedToPushSwagger": "Не удалось отправить определение OpenAPI в Управление API после развертывания.",
  "failedToPushToACRForAppService": "Не удалось отправить образ Docker в Реестр контейнеров Azure для использования в вашей Службе приложений Azure.",
  "failedToPushToACRForContainerApps": "Не удалось отправить образ Docker в Реестр контейнеров Azure для использования в вашем приложении-контейнере Azure.",
  "failedToPushToContainerRegistry": "Не удалось отправить образ Docker в реестр контейнеров.",
  "openInAppInsights": "Открыть в Application Insights",
  "profileLacksCreds": "Чтобы опубликовать этот профиль, он должен иметь учетные данные.",
  "seeLogsInOutputPane": "Просмотреть журналы в окне вывода",
  "seeLogsInAzDevOuputPane": "Просмотр журналов в окне вывода AzDev.",
  "siteDidNotStart": "Visual Studio не удалось подтвердить запуск вашего приложения.",
  "basicAuthDisabled": "Обычная проверка подлинности не включена для выбранной службы Azure."
}