{
  "account": "Hesap",
  "azureCategoryName": "Azure",
  "azureCategoryDescription": "Uygulamanızı Microsoft bulutunda barındırın",
  "azureCategoryMultipleTargetsDescription": "Uygulamanızı barındırmak için hangi Azure hizmetini kullanmak istiyorsunuz?",
  "containerRegistryCategoryName": "Docker Container Registry",
  "containerRegistryCategoryDescription": "Uygulamanızı Docker görüntüleriyle çalışan herhangi bir desteklenen Container Registry'de yayımlayın",
  "containerRegistryCategoryMultipleTargetsDescription": "Uygulamanızı barındırmak için hangi Container Registry'yi kullanmak istiyorsunuz?",
  "folderCategoryName": "Klasör",
  "folderCategoryDescription": "Uygulamanızı yerel bir klasöre veya dosya paylaşımına yayımlayın",
  "folderCategoryMultipleTargetsDescription": "Hangi yerel hedefe yayımlamak istiyorsunuz?",
  "ftpCategoryName": "FTP/FTPS Sunucusu",
  "ftpCategoryDescription": "Uygulamanızı bir FTP/FTPS sunucusunda yayımlayın",
  "iisCategoryName": "Web Sunucusu (IIS)",
  "iisCategoryDescription": "Web Dağıtımı veya Web Dağıtımı Paketini kullanarak uygulamanızı IIS'ye yayımlayın",
  "importCategoryName": "Profili İçeri Aktar",
  "importCategoryDescription": "Uygulamanızı dağıtmak için yayımlama ayarlarınızı içeri aktarın",
  "aspireAcaAzDevEnvironmentTargetName": ".NET Aspire için Azure Container Apps",
  "aspireAcaAzDevEnvironmentTragetDescription": ".NET Aspire projenizi Azure Developer CLI ile Azure Container Apps'e dağıtın (azd)",
  "azureAppServiceContainerLinuxTargetName": "Azure App Service Kapsayıcısı",
  "azureAppServiceContainerLinuxTargetDescription": "Uygulamanızı Azure Container Registry'de bir Docker görüntüsü olarak yayımlayın ve Azure App Service'te çalıştırın",
  "azureAppServiceLinuxTargetName": "Azure App Service (Linux)",
  "azureAppServiceLinuxTargetDescription": "Uygulama kodunuzu ölçeklendirilmesi kolay, yönetilen bir altyapıda yayımlayın",
  "azureAppServiceWindowsTargetName": "Azure App Service (Windows)",
  "azureAppServiceWindowsTargetDescription": "Uygulama kodunuzu ölçeklendirilmesi kolay, yönetilen bir altyapıda yayımlayın",
  "azureContainerAppLinuxTargetName": "Azure Container Apps (Linux)",
  "azureContainerAppLinuxTargetDescription": "Azure'da sunucusuz bir platformda ölçeklenebilir kapsayıcılı uygulamalar ve mikro hizmetler çalıştırın",
  "azureContainerRegistryTargetName": "Azure Container Registry",
  "azureContainerRegistryTargetDescription": "Uygulamanızı Azure Container Registry'de bir Docker görüntüsü olarak yayımlayın",
  "azureFunctionAppContainerLinuxTargetName": "Azure İşlev Uygulaması Kapsayıcısı",
  "azureFunctionAppContainerLinuxTargetDescription": "Uygulamanızı Azure Container Registry'de bir Docker görüntüsü olarak yayımlayın ve Azure İşlev Uygulaması'nda çalıştırın",
  "azureFunctionAppLinuxTargetName": "Azure İşlev Uygulaması (Linux)",
  "azureFunctionAppLinuxTargetDescription": "Uygulama kodunuzu, dinamik olarak ölçeklendirilen ve isteğe bağlı kod çalıştıran bir sunucusuz işlemde yayımlayın",
  "azureFunctionAppTargetName": "Azure İşlev Uygulaması",
  "azureFunctionAppTargetDescription": "Uygulama kodunuzu, dinamik olarak ölçeklendirilen ve isteğe bağlı kod çalıştıran bir sunucusuz işlemde yayımlayın",
  "azureKubernetesServiceTargetName": "Azure Kubernetes Service",
  "azureKubernetesServiceTargetDescription": "Azure'da kurumsal sınıf kapsayıcı düzenlemesi için Kubernetes kümelerini yönetin",
  "azureSpringCloudSteelToeTargetName": "Azure Spring Cloud (SteelToe)",
  "azureSpringCloudSteelToeTargetDescription": "Uygulama kodunuzu, hizmet kayıt defterinde ve yapılandırma yönetiminde yönetilen Spring Cloud bileşenlerine sahip tam olarak yönetilen bir hizmette yayımlayın.",
  "azureStaticWebAppTargetName": "Azure Static Web Apps",
  "azureStaticWebAppTargetDescription": "Uygulama kodunuzu Azure'da sunucusuz bir platformda yayımlayın",
  "azureVirtualMachineTargetName": "Azure Sanal Makine",
  "azureVirtualMachineTargetDescription": "Kendi altyapınızı yönetin",
  "azureWebJobsTargetName": "Azure Web İşleri (Windows)",
  "azureWebJobsTargetDescription": "Uygulama kodunuzu ölçeklendirilmesi kolay, yönetilen bir altyapıda yayımlayın",
  "azureWebJobsCreateNewText": "Yeni Azure WebJob oluştur...",
  "azureWebJobsDescription": "Mevcut Azure Web İşini seçin veya yeni Azure Web İşi oluşturun",
  "azureWebJobsLinuxTargetName": "Azure Web İşleri (Linux) (Önizleme)",
  "azureWebJobsLinuxTargetDescription": "Uygulama kodunuzu ölçeklendirilmesi kolay, yönetilen bir altyapıda yayımlayın",
  "dockerContainerRegistryTargetName": "Docker Hub",
  "dockerContainerRegistryTargetDescription": "Uygulamanızı Docker Hub'da Docker görüntüsü olarak yayımlayın",
  "dockerCustomContainerRegistryTargetName": "Diğer Docker Container Registry",
  "dockerCustomContainerRegistryTargetDescription": "Uygulamanızı, desteklenen herhangi bir Container Registry'de bir Docker görüntüsü olarak yayımlayın",
  "ftpSitePath": "FTP sitesi yolu",
  "ftpPassiveMode": "FTP pasif modu",
  "ftpTargetName": "FTP Sunucusu",
  "ftpTargetDescription": "Uygulama kodunuzu bir FTP sunucusunda yayımlayın",
  "iisAppPath": "IIS uygulaması",
  "iisWebDeployTargetName": "Web Dağıtımı",
  "iisWebDeployTargetDescription": "Web Dağıtımı'nı kullanarak uygulama kodunuzu IIS'ye yayımlayın",
  "iisWebDeployPackageTargetName": "Web Dağıtımı Paketi",
  "iisWebDeployPackageTargetDescription": "Web Dağıtımı Paketini kullanarak uygulama kodunuzu IIS'ye yayımlayın",
  "attentionRequired": "İlgilenilmesi gerekiyor",
  "azCopyService": "Azure Depolama AzCopy",
  "azCopyServiceDescription": "Dosyaların çeşitli Azure hizmetlerine kopyalanmasını etkinleştirir",
  "apiLocation": "API konumu",
  "appLocation": "Uygulama konumu",
  "azdCli": "Azure Developer CLI (azd)",
  "azdCliDescription": "Uygulamanızı yerel geliştirme ortamından Azure'a almak için geçen zamanı hızlandıran bir açık kaynak aracıdır. Terminalde, düzenleyicinizde, tümleşik geliştirme ortamınızda (IDE) veya CI/CD’de (sürekli tümleştirme/sürekli dağıtım), nerede çalışırsanız çalışın, iş akışınızdaki önemli aşamalarla eşlenen en iyi deneyimli, geliştirici dostu komutlar sağlar.",
  "azdCliInstallFailure": "AZD yüklenemedi. Kendiniz yüklemek için Daha fazla bilgi bağlantısına tıklayın. AZD yüklendikten sonra bu iletişim kutusunu kapatın ve yeniden deneyin.",
  "azureApiManagement": "Azure API Management",
  "containerBuild": "Kapsayıcı Derlemesi",
  "containerAppsEnvironment": "Container Apps Ortamı",
  "containerName": "Kapsayıcı adı",
  "containerRegistry": "Container Registry",
  "containerRegistrySecrets": "Kapsayıcı kayıt defteri gizli dizileri",
  "copied": "Kopyalandı",
  "deleteAdditionalFiles": "Hedefteki ek dosyaları sil",
  "deleteExistingFiles": "Mevcut dosyaları sil",
  "deploymentMode": "Dağıtım Modu",
  "deploymentSlot": "Dağıtım Yuvası",
  "defaultTargetName": "Varsayılan",
  "defaultTargetDescription": "Varsayılan",
  "dotnetEnvironment": "DOTNET_ORTAMI",
  "editConfiguration": "Yapılandırmayı düzenle",
  "editDeleteExistingFiles": "Mevcut dosyaları silmeyi düzenle",
  "editDeploymentMode": "Dağıtım modunu düzenle",
  "editPassword": "Parolayı düzenle",
  "editSdkVersion": "SDK sürümünü düzenle",
  "editTargetRuntime": "Hedef çalışma zamanını düzenle",
  "editTargetVersion": "Hedef çerçeveyi düzenle",
  "editUserName": "Kullanıcı adını düzenle",
  "editWebJobName": "Web işi adını düzenle",
  "editWebJobType": "Web işi türünü düzenle",
  "editWorkflow": "İş akışını düzenle",
  "environment": "Ortam",
  "environmentName": "Ortam adı",
  "error": "Hata",
  "frameworkDependent": "Çerçeveye bağımlı",
  "githubGettingWorkflowStatus": "İş akışı durumu alınıyor",
  "githubSecret": "GitHub gizli dizisi adı",
  "githubSecretExists": "Depoda gizli dizi bulundu",
  "gitHubServicePrincipalSecret": "GitHub Hizmet Sorumlusu gizli dizi adı",
  "githubActionsWorkflow": "GitHub Actions iş akışı",
  "github_secret_help_description": "Gizli diziler iş akışlarında nasıl kullanılır?",
  "github_serviceprincipal_help_description": "Hizmet sorumlusu neden gerekli?",
  "hostingSection": "Barındırma",
  "imageName": "Görüntü adı",
  "imageTag": "Görüntü etiketi",
  "ingressTargetPort": "Hedef bağlantı noktası",
  "installSiteExtensions": "ASP.NET Core Site Uzantısını Yükle",
  "lastUsedBuildConfiguration": "Yapılandırma",
  "location": "Konum",
  "logAnalyticsWorkspace": "Log Analytics Çalışma Alanı",
  "name": "Ad",
  "newEnvironment": "Yeni ortam",
  "notProvisionedYet": "Henüz hazırlanmadı",
  "ok": "Tamam",
  "openFolder": "Klasörü aç",
  "openInAzurePortal": "Azure portalda aç",
  "openSite": "Siteyi aç",
  "outputLocation": "Çıkış konumu",
  "password": "Parola",
  "portable": "Taşınabilir",
  "publishProfileSecret": "Yayımlama profili gizli dizisi",
  "repository": "Depo",
  "resources": "Kaynaklar",
  "resourceGroup": "Kaynak grubu",
  "resourceName": "Kaynak adı",
  "sdkVersion": ".NET SDK Sürümü",
  "selfContained": "Kendi içinde",
  "server": "Sunucu",
  "servicesSection": "Hizmetler",
  "serviceDependenciesSection": "Hizmet bağımlılıkları",
  "servicePrincipalSecret": "Hizmet sorumlusu gizli dizisi",
  "settingsSection": "Ayarlar",
  "showAll": "Tüm ayarları göster",
  "siteUrl": "Site URL'si",
  "site": "Site:",
  "source": "Kaynak",
  "subscription": "Abonelik",
  "targetFramework": "Hedef Çerçeve",
  "targetLocation": "Hedef konum",
  "targetRuntime": "Hedef Çalışma Zamanı",
  "userName": "Kullanıcı adı",
  "vsWebWorkload": "ASP.NET ve web geliştirme",
  "vsWebWorkloadDescription": "Docker desteği dahil olmak üzere ASP.NET Core, ASP.NET, HTML/JavaScript ve Kapsayıcıları kullanarak web uygulamaları derleyin.",
  "warning": "Uyarı",
  "willBeGeneratedDuringPublish": "<Yayımlama sırasında oluşturulacak>",
  "webJobName": "WebJob Adı",
  "webJobType": "WebJob Türü",
  "workflowTriggers": "Tetikleyiciler",
  "containerPrereqFailure": "Kapsayıcı önkoşulları eksikti.",
  "editCredentials": "Kimlik bilgilerini düzenle",
  "failedToGenerateAndPushSwagger": "Dağıtımdan sonra OpenAPI tanımı oluşturulup API Management'a aktarılamadı.",
  "failedToPushSwagger": "Dağıtımdan sonra OpenAPI tanımı API Management'a aktarılamadı.",
  "failedToPushToACRForAppService": "Docker görüntüsü, Azure App Service hizmetinizde kullanılmak üzere Azure Container Registry'ye aktarılamadı.",
  "failedToPushToACRForContainerApps": "Docker görüntüsü, Azure Container App uygulamanızda kullanılmak üzere Azure Container Registry'ye aktarılamadı.",
  "failedToPushToContainerRegistry": "Docker görüntüsü Container Registry'nize aktarılamadı",
  "openInAppInsights": "Application Insights'ta aç",
  "profileLacksCreds": "Bu profili yayımlamak için, profilin kimlik bilgilerine sahip olması gerekir.",
  "seeLogsInOutputPane": "Günlükleri Çıktı penceresinde göster",
  "seeLogsInAzDevOuputPane": "AzDev Çıkış penceresinde günlükleri görün",
  "siteDidNotStart": "Visual Studio, uygulamanızın başlayabildiğini doğrulayamadı.",
  "basicAuthDisabled": "Temel Kimlik Doğrulaması seçili Azure hizmeti için etkinleştirilmedi."
}