{
  "apiAdministratorEmailDescription": "Consente di impostare l'indirizzo di posta elettronica per ricevere tutte le notifiche di sistema inviate da Gestione API.",
  "apiAdministratorEmailLabel": "Indirizzo di posta _elettronica dell'amministratore",
  "apiManagementAzureDisplayName": "Servizio Gestione API di Azure",
  "apiManagementAzureDescription": "Pubblica le API in Gestione API per consentirne il consumo in App per la logica di Azure e Power Apps",
  "apiManagementApiAzureDescription": "Pubblica le API in Gestione API per consentirne il consumo in App per la logica di Azure e Power Apps",
  "apiManagementApiAzureDisplayName": "API in Gestione API",
  "apiManagementApiNameNotAvailable": "Il nome non è disponibile",
  "apiManagementApiResourceNameLabel": "Nome dell'_API",
  "apiManagementApiUnableToCheckNameAvailable": "Non è possibile verificare la disponibilità del nome",
  "apimangementApiCreateNameInstance": "Crea un'API di Gestione API",
  "apimapiNameNotMeetCriteria": "Il nome dell'API deve iniziare e terminare con un carattere alfanumerico e contenere solo caratteri alfanumerici e trattini.",
  "apiURLSuffixDescription": "Percorso nel dominio del nome del servizio API",
  "apiURLSuffixLabel": "Suffisso dell'_URL dell'API",
  "apiSelectedServiceMustBeSet": "È necessario selezionare un servizio",
  "apiManagementApisFolderName": "API",
  "apiURLSuffixMustBeUniqueInService": "Il suffisso dell'URL deve essere univoco in una singola istanza del servizio",
  "apiServicesDropdownLabel": "Servizio _Gestione API",
  "apiServicesDropdownDescription": "Elenco dei servizi di Gestione API che possono ospitare questa API",
  "apiManagementDisplayBasic": "Basic (contratto di servizio del 99,9%)",
  "apiManagementDisplayConsumption": "Consumo (contratto di servizio del 99,9%)",
  "apiManagementDisplayDeveloper": "Sviluppatore (nessun contratto di servizio)",
  "apiManagementDisplayPremium": "Premium (contratto di servizio del 99,99%)",
  "apiManagementDisplayStandard": "Standard (contratto di servizio del 99,9%)",
  "apimangementCreateNameInstance": "Crea un nuovo servizio di Gestione API",
  "apiManagementUnableToCheckName": "Non è possibile controllare il nome",
  "apiManagementResourceNameLabel": "_Nome",
  "apiManagementNameNotAvailable": "Il nome è già in uso",
  "apiManagementNameNotMeetCriteria": "Il nome deve avere una lunghezza compresa tra 1 e 50 caratteri, deve iniziare con una lettera e contenere solo lettere e numeri",
  "apiManagementAzureCollectiveNoun": "Istanze di Gestione API",
  "apiManagementApiAzureCollectiveNoun": "API di Gestione API",
  "appInsightsAzureDescription": "Monitorare le prestazioni e l'utilizzo dell'app Web (con connessione a un'istanza in esecuzione in Azure)",
  "appInsightsCollectiveNoun": "Istanze di Application Insights",
  "appInsightsCreateNameInstance": "Crea un componente di Application Insights",
  "appInsightsDisplayName": "Application Insights",
  "appInsightsLogAnalyticsDropdownDescription": "Archivia i dati di analisi",
  "appInsightsLogAnalyticsDropdownLabel": "Area di lavoro Azure Log _Analytics",
  "appInsightsLogAnalyticsMustBeSet": "È necessario impostare l'area di lavoro Log Analytics",
  "appInsightsNameContainsReservedWords": "Il nome della risorsa non può contenere marchi o parole riservate",
  "appInsightsNameNotAvailable": "Il nome è già in uso",
  "appInsightsNameNotMeetCriteria": "La lunghezza del nome deve essere compresa tra 1 e 256 caratteri. È inoltre possibile usare solo caratteri alfanumerici e trattini.",
  "appInsightsResourceNameLabel": "_Nome",
  "appInsightsToLogAnalyticsLocationMismatchWarning": "L'hosting Application Insights in {0} invece di {1} in cui si trova l'area di lavoro Log Analytics può avere implicazioni su prestazioni, costi e conformità",
  "appInsightsUnableToCheckNameAvailable": "Non è possibile verificare la disponibilità del nome",
  "appInsightsUnableToCheckNameValid": "Non è possibile verificare la validità del nome",
  "springCloudServiceAppInsightsDropdownDescription": "Archivia i dati di traccia",
  "springCloudServiceAppInsightsDropdownLabel": "Azure A_pp Insights",
  "springCloudServiceLogAnalyticsDropdownDescription": "Archivia i dati di analisi",
  "springCloudServiceLogAnalyticsDropdownLabel": "Area di lavoro Azure Log _Analytics",
  "logAnalyticsAzureDescription": "Consente di archiviare, mantenere ed eseguire query sui dati raccolti dalle risorse monitorate in Azure",
  "logAnalyticsUnableToCheckNameAvailable": "Non è possibile verificare la disponibilità del nome",
  "logAnalyticsAzureCollectiveNoun": "Aree di lavoro Azure Log Analytics",
  "logAnalyticsNameNotAvailable": "Il nome non è disponibile",
  "logAnalyticsCreateNameInstance": "Crea un'area di lavoro Azure Log Analytics",
  "logAnalyticsSkuDropDownName": "S_KU",
  "logAnalyticsSkuDropDownDescription": "Il costo dell'area di lavoro dipende dal piano tariffario e dalle soluzioni in uso.",
  "logAnalyticsSkuDisplayPerg2018": "Con pagamento in base al consumo (per GB 2018)",
  "logAnalyticsNameNotMeetCriteria": "Il nome dell'area di lavoro deve essere composto da un minimo di 4 e un massimo di 63 caratteri e può contenere solo lettere, numeri e il simbolo '-'. Il simbolo '-' non può essere il primo o l'ultimo carattere del nome.",
  "logAnalyticsSelectedSkuMustBeSet": "È necessario impostare lo SKU",
  "logAnalyticsResourceNameLabel": "_Nome",
  "logAnalyticsDisplayName": "Area di lavoro Azure Log Analytics",
  "appConfigAzureDependencyTypeName": "Configurazione app di Azure",
  "appConfigAzureDisplayName": "Configurazione app di Azure",
  "appConfigAzureDescription": "Consente di accedere facilmente alle impostazioni di chiave-valore e ai flag di funzionalità dell'applicazione gestiti in modo centralizzato in Azure.",
  "appConfigCollectiveNoun": "Archivi di Configurazione app",
  "appConfigResourceNameLabel": "Nome della _risorsa",
  "appConfigCreateNameInstance": "Crea un archivio di Configurazione app di Azure.",
  "appConfigFreeSkuLimitReached": "La sottoscrizione ha raggiunto il limite di 1 risorsa di Configurazione app nel livello gratuito",
  "appConfigNameContainsReservedWords": "Il nome non può contenere marchi o parole riservate.",
  "appConfigNameNotAvailable": "Il nome non è disponibile.",
  "appConfigNameNotMeetCriteria": "Il nome deve contenere solo caratteri ASCII alfanumerici o '-' e deve avere una lunghezza compresa tra 5 e 50 caratteri.",
  "appConfigSelectedSkuMustBeSet": "È necessario impostare il piano tariffario.",
  "appConfigSkuDropDownDescription": "Consente di scegliere il piano tariffario corrispondente ai requisiti di archiviazione e contratto di servizio dell'app.",
  "appConfigSkuDropDownName": "_Piano tariffario",
  "appConfigSkuDisplayFree": "Gratuito",
  "appConfigSkuDisplayStandard": "Standard",
  "appConfigUnableToAccess": "Non è possibile accedere all'archivio di Configurazione app '{0}' di Azure Key Vault. Verificare che esista ancora e che sia accessibile.",
  "appConfigUnableToCheckNameAvailable": "Non è possibile verificare la disponibilità del nome.",
  "appConfigUnableToCheckNameValid": "Non è possibile verificare la validità del nome.",
  "containerAppsAzureDisplayName": "App contenitore di Azure",
  "containerAppsAzureDescription": "Consente di eseguire microservizi e applicazioni in contenitori scalabili in una piattaforma serverless in Azure",
  "containerAppsCollectiveNoun": "App contenitore",
  "containerAppsCreateNameInstance": "Crea un'app contenitore di Azure",
  "containerAppsResourceNameLabel": "Nome dell'app c_ontenitore",
  "containerAppsContainerNameLabel": "_Nome del contenitore",
  "containerAppsContainerNameDescription": "Nome del primo contenitore nell'app contenitori",
  "containerAppsContainerNameNotMeetCriteria": "Il nome del contenitore deve avere una lunghezza compresa tra 1 e 63 caratteri, deve iniziare con una lettera minuscola o un numero, contenere lettere minuscole, numeri, punti e trattini e terminare con una lettera minuscola o un numero",
  "containerAppsNameContainsReservedWords": "Il nome dell'app contenitore non può contenere marchi o parole riservate.",
  "containerAppsNameNotMeetCriteria": "Il nome dell'app contenitore deve avere una lunghezza compresa tra 2 e 32 caratteri, deve iniziare con una lettera minuscola, contenere lettere minuscole, numeri e trattini e terminare con una lettera o un numero minuscolo",
  "containerAppsNameNotAvailable": "Il nome dell'app contenitore non è disponibile",
  "containerAppsUnableToCheckNameAvailable": "Non è possibile verificare se il nome dell'app contenitore è disponibile",
  "containerAppsUnableToCheckNameValid": "Non è possibile verificare la validità del nome",
  "containerAppsLocationMustBeSet": "È necessario impostare il percorso",
  "containerAppsManagedEnvironmentDisplayName": "Ambiente delle App contenitore di Azure",
  "containerAppsManagedEnvironmentCollectiveNoun": "Ambienti delle app contenitore",
  "containerAppsManagedEnvironmentMustBeSet": "È necessario impostare l'ambiente App contenitore",
  "containerAppsManagedEnvDropDownName": "Ambiente App C_ontainer",
  "containerAppsManagedEnvDropDownDescription": "Scegliere un ambiente in cui eseguire l'app contenitore",
  "cosmosdbAzureDependencyTypeName": "Azure Cosmos DB",
  "cosmosdbAzureDisplayName": "Azure Cosmos DB",
  "cosmosdbAzureDescription": "Consente di usare archivi dati a scalabilità elevata, coerenti e con replica geografica.",
  "cosmosdbApiDropDownName": "_API",
  "cosmosdbApiDropDownDescription": "Cosmos DB è un servizio di database multimodello. Scegliere l'API e il modello di dati da usare con questo account",
  "cosmosdbApiCoreName": "Core (SQL)",
  "cosmosdbApiCassandraName": "Cassandra",
  "cosmosdbApiTableName": "Tabella di Azure",
  "cosmosdbApiGremlinName": "Gremlin (grafo)",
  "cosmosdbApiMongoName": "Azure Cosmos DB per l'API MongoDB",
  "cosmosdbCollectiveNoun": "Istanze di Cosmos DB",
  "cosmosdbResourceNameLabel": "Nome della _risorsa",
  "cosmosdbCreateNameInstance": "Crea un'istanza di Azure Cosmos DB",
  "cosmosDbNameContainsReservedWords": "Il nome non può contenere marchi o parole riservate.",
  "cosmosDbNameNotAvailable": "Il nome non è disponibile",
  "cosmosDbNameNotMeetCriteria": "Il nome può contenere solo lettere minuscole, numeri e trattini e la lunghezza deve essere compresa tra 3 e 31 caratteri.",
  "cosmosDbUnableToCheckNameAvailable": "Non è possibile verificare la disponibilità del nome",
  "cosmosDbUnableToCheckNameValid": "Non è possibile verificare la validità del nome",
  "cosmosDbSelectedApiMustBeSet": "È necessario impostare l'API",
  "formatDisplayNameWithLocation": "{0} ({1})",
  "formatDisplayNameNewItemWithLocation": "*{0} ({1})",
  "indicatorColumnHeader": "",
  "managedEnvironmentDisplayName": "Ambiente delle App contenitore di Azure",
  "managedEnvironmentDescription": "Ambiente basato su Kubernetes in cui eseguire le app contenitore",
  "managedEnvironmentCollectiveNoun": "Ambienti app contenitore",
  "managedEnvironmentsCreateNameInstance": "Crea un ambiente di App contenitore di Azure",
  "managedEnvironmentResourceNameLabel": "Nome _ambiente",
  "managedEnvironmentNameNotMeetCriteria": "Il nome dell'ambiente deve avere una lunghezza compresa tra 2 e 60 caratteri, iniziare con una lettera o un numero, contenere lettere, numeri e trattini e terminare con una lettera o un numero",
  "managedEnvironmentNameNotAvailable": "Il nome dell'ambiente non è disponibile",
  "managedEnvironmentUnableToCheckNameAvailable": "Non è possibile verificare il nome dell'ambiente",
  "managedEnvironmentNameContainsReservedWords": "Il nome dell'ambiente non può contenere marchi o parole riservate.",
  "managedEnvironmentUnableToCheckNameValid": "Non è possibile verificare la validità del nome dell'ambiente",
  "managedEnvironmentLocationMustBeSet": "È necessario impostare il percorso",
  "managedEnvironmentLogAnalyticsMustBeSet": "È necessario impostare Log Analytics",
  "managedEnvironmentCreateNewInstanceDescription": "Crea un ambiente di App contenitore di Azure",
  "managedEnvironmentLogAnalyticsDropdownDescription": "Archivia i dati di analisi",
  "managedEnvironmentLogAnalyticsDropdownLabel": "Area di lavoro Azure Log _Analytics",
  "managedEnvNoMoreThan2PerSubscription": "Un abbonamento non può contenere più di 2 ambienti gestiti",
  "pricingTierColumnHeader": "_Livello",
  "pricingTierDropDownDescription": "Consente di scegliere le caratteristiche relative a prezzi e affidabilità del servizio",
  "pricingTierDropDownName": "Piano _tariffario",
  "redisAzureCollectiveNoun": "Cache di Azure per Redis",
  "redisAzureDependencyTypeName": "Cache di Azure per Redis",
  "redisAzureDisplayName": "Cache di Azure per Redis",
  "redisAzureDescription": "Consente all'applicazione di rimanere reattiva anche in caso di aumento del carico utente sfruttando le funzionalità a bassa latenza e velocità effettiva elevata del motore Redis.",
  "redisSkuDropDownName": "_SKU",
  "redisSkuDropDownDescription": "Consente di scegliere lo SKU corrispondente alle esigenze di replica e di dimensione cache dell'app",
  "redisSkuDisplayBasicC0": "C0 Basic (cache da 250 MB)",
  "redisSkuDisplayBasicC1": "C1 Basic (cache da 1 GB)",
  "redisSkuDisplayBasicC2": "C2 Basic (cache da 2,5 GB)",
  "redisSkuDisplayBasicC3": "C3 Basic (cache da 6 GB)",
  "redisSkuDisplayBasicC4": "C4 Basic (cache da 13 GB)",
  "redisSkuDisplayBasicC5": "C5 Basic (cache da 26 GB)",
  "redisSkuDisplayBasicC6": "C6 Basic (cache da 53 GB)",
  "redisSkuDisplayStandardC0": "C0 Standard (cache da 250 MB, replica)",
  "redisSkuDisplayStandardC1": "C1 Standard (cache da 1 GB, replica)",
  "redisSkuDisplayStandardC2": "C2 Standard (cache da 2,5 GB, replica)",
  "redisSkuDisplayStandardC3": "C3 Standard (cache da 6 GB, replica)",
  "redisSkuDisplayStandardC4": "C4 Standard (cache da 13 GB, replica)",
  "redisSkuDisplayStandardC5": "C5 Standard (cache da 26 GB, replica)",
  "redisSkuDisplayStandardC6": "C6 Standard (cache da 53 GB, replica)",
  "redisSkuDisplayPremiumP1": "P1 Premium (cache da 1 GB, replica)",
  "redisSkuDisplayPremiumP2": "P2 Premium (cache da 2,5 GB, replica)",
  "redisSkuDisplayPremiumP3": "P3 Premium (cache da 6 GB, replica)",
  "redisSkuDisplayPremiumP4": "P4 Premium (cache da 13 GB, replica)",
  "redisSkuDisplayPremiumP5": "P5 Premium (cache da 26 GB, replica)",
  "redisResourceNameLabel": "Nome della _risorsa",
  "redisSelectedSkuMustBeSet": "È necessario impostare lo SKU",
  "redisCreateNameInstance": "Crea un'istanza della cache di Azure per Redis",
  "redisNameContainsReservedWords": "Il nome non può contenere marchi o parole riservate.",
  "redisNameNotAvailable": "Il nome non è disponibile",
  "redisNameNotMeetCriteria": "I nomi possono contenere solo lettere, numeri e trattini e il primo e l'ultimo carattere devono essere una lettera o un numero. Non sono consentiti trattini consecutivi.",
  "redisUnableToCheckNameAvailable": "Non è possibile verificare la disponibilità del nome",
  "redisUnableToCheckNameValid": "Non è possibile verificare la validità del nome",
  "connectionSettingName": "nome _impostazione della connessione",
  "connectionStringNameLabel": "Nome della _stringa di connessione",
  "connectionStringNameDescription": "Nome con cui il codice farà riferimento a questa risorsa",
  "locationDropDownName": "_Località",
  "locationDropDownDescription": "Percorso in cui creare la risorsa",
  "newCommandLabel": "Nuovo...",
  "organizationNameIsRequired": "L'organizzazione è obbligatoria",
  "organizationNameLabel": "_Organizzazione",
  "organizationNameDescription": "Consente di specificare il nome dell'organizzazione da usare nel portale per sviluppatori e per le notifiche di posta elettronica.",
  "resourceTypeNotSupportedError": "Il tipo di risorsa non è supportato in questa sottoscrizione",
  "selectedLocationMustBeSet": "È necessario impostare il percorso",
  "locationColumnHeader": "_Percorso",
  "resourceGroupColumnHeader": "_Gruppo di risorse",
  "nameColumnHeader": "_Nome",
  "skuColumnHeader": "S_KU",
  "urlSuffixLengthMustBeValid": "Il suffisso dell'URL deve essere composto da un massimo di 400 caratteri",
  "serviceLinkerDisplayName": "Connettore di servizi",
  "serviceLinkerAzureDescription": "Il connettore di servizi crea una connessione tra le risorse con il calcolo e altre risorse di Azure",
  "serviceLinkerAzureCollectiveNoun": "Collegamenti al connettore di servizi",
  "signalrCollectiveNoun": "Istanze di SignalR",
  "signalrAzureDescription": "Consente di abilitare facilmente le comunicazioni in tempo reale con l'applicazione Web.",
  "signalrAzureDisplayName": "Servizio Azure SignalR",
  "signalrPricingTierDropDownName": "_Piano tariffario",
  "signalrPricingTierDropDownDescription": "Consente di scegliere lo SKU corrispondente alle esigenze di replica e di dimensione cache dell'app",
  "signalrPricingTierDisplayStandard": "Standard",
  "signalrPricingTierDisplayFree": "Gratuito",
  "signalrPricingTierDisplayPremium": "Premium",
  "signalrResourceNameLabel": "_Nome della risorsa",
  "signalrNameNotMeetCriteria": "La lunghezza del nome deve essere compresa tra 3 e 63 caratteri. È inoltre possibile usare solo caratteri alfanumerici e trattini.",
  "signalrNameContainsReservedWords": "Il nome della risorsa non può contenere marchi o parole riservate.",
  "signalrUnableToCheckNameAvailable": "Non è possibile verificare la disponibilità del nome",
  "signalrUnableToCheckNameValid": "Non è possibile verificare la validità del nome",
  "signalrNameNotAvailable": "Il nome è già in uso",
  "signalrSelectedSkuMustBeSet": "È necessario impostare lo SKU",
  "signalrCreateInstanceText": "Crea un'istanza del servizio Azure SignalR",
  "signalrSkuCount": "Una sottoscrizione non può contenere più di 5 servizi SignalR del livello gratuito",
  "azureKubernetesService": "Servizio Azure Kubernetes",
  "azureKubernetesServiceCollectiveNoun": "Servizi Azure Kubernetes",
  "azureKubernetesServiceDescription": "Applicazione in esecuzione nel servizio Azure Kubernetes",
  "azureVirtualMachineScaleSet": "Set di scalabilità di macchine virtuali",
  "azureVirtualMachineScaleSetCollectiveNoun": "Set di scalabilità di macchine virtuali di Microsoft Azure",
  "azureVirtualMachineScaleSetDescription": "Applicazione in esecuzione nei set di scalabilità di macchine virtuali di Microsoft Azure",
  "azureVirtualMachineScaleSetWindows": "Set di scalabilità di macchine virtuali di Microsoft Azure (Windows)",
  "azureVirtualMachineScaleSetWindowsCollectiveNoun": "Set di scalabilità di macchine virtuali di Microsoft Azure (Windows)",
  "azureVirtualMachineScaleSetWindowsDescription": "Applicazione in esecuzione nei set di scalabilità di macchine virtuali di Microsoft Azure (Windows)",
  "azureClassicVirtualMachine": "Macchina virtuale classica di Microsoft Azure",
  "azureClassicVirtualMachineCollectiveNoun": "Macchine virtuali classiche di Microsoft Azure",
  "azureClassicVirtualMachineDescription": "Applicazione in esecuzione nella macchina virtuale classica di Microsoft Azure",
  "azureClassicVirtualMachineWindows": "Macchina virtuale classica di Microsoft Azure (Windows)",
  "azureClassicVirtualMachineWindowsCollectiveNoun": "Macchine virtuali classiche di Microsoft Azure (Windows)",
  "azureClassicVirtualMachineWindowsDescription": "Applicazione in esecuzione nella macchina virtuale classica di Microsoft Azure (Windows)",
  "springCloudAppDescription": "Applicazione eseguita in Azure Spring Cloud.",
  "springCloudAppDisplayName": "App Azure Spring Cloud",
  "springCloudAppsFolderName": "App",
  "springCloudAppCollectiveNoun": "App Azure Spring Cloud",
  "springCloudAppCreateNameInstance": "Crea un'app Azure Spring Cloud",
  "springCloudAppResourceNameLabel": "_Nome dell'app",
  "springCloudAppNameContainsReservedWords": "Il nome dell'app non può contenere marchi o parole riservate.",
  "springCloudAppNameNotMeetCriteria": "Il nome può contenere solo lettere minuscole, numeri e trattini. Il primo carattere deve essere una lettera. L'ultimo carattere deve essere una lettera o un numero. La lunghezza del valore deve essere compresa tra 4 e 32 caratteri.",
  "springCloudAppNameNotAvailable": "Il nome è già in uso",
  "springCloudAppUnableToCheckNameAvailable": "Non è possibile verificare la disponibilità del nome",
  "springCloudAppUnableToCheckNameValid": "Non è possibile verificare la validità del nome",
  "springCloudDeploymentCollectiveNoun": "Distribuzioni di Azure Spring Cloud",
  "springCloudDeploymentDescription": "Le app Azure Spring Cloud possono ospitare più implementazioni per il test di servizi blue-green",
  "springCloudDeploymentDisplayName": "Distribuzione di Azure Spring Cloud",
  "springCloudServiceCollectiveNoun": "Servizi Azure Spring Cloud",
  "springCloudServiceCreateNameInstance": "Crea un'istanza di Azure Spring Cloud",
  "springCloudServiceDescription": "Azure Spring Cloud è una piattaforma di microservizi serverless che consente di creare, distribuire, dimensionare e monitorare le applicazioni nel cloud. Usare Spring Cloud per aggiungere criteri per microservizi in app Spring Boot, eliminando il codice del boilerplate per creare rapidamente solide app .NET.",
  "springCloudServiceDisplayName": "Azure Spring Cloud",
  "springCloudServiceLogAnalyticsMustBeSet": "È necessario impostare l'area di lavoro Log Analytics",
  "springCloudServiceResourceNameLabel": "_Nome del servizio",
  "springCloudServiceNameNotMeetCriteria": "Il nome può contenere solo lettere minuscole, numeri e trattini. Il primo carattere deve essere una lettera. L'ultimo carattere deve essere una lettera o un numero. La lunghezza del valore deve essere compresa tra 4 e 32 caratteri.",
  "springCloudServiceNameNotAvailable": "Il nome è già in uso",
  "springCloudServiceUnableToCheckNameAvailable": "Non è possibile verificare la disponibilità del nome",
  "springCloudServicesDropdownLabel": "Azure S_pring Cloud",
  "springCloudServicesDropdownDescription": "Selezionare un'istanza di Azure Spring Cloud in cui verrà eseguita questa applicazione.",
  "springCloudServiceSkuBasic": "Basic",
  "springCloudServiceSkuStandard": "Standard",
  "springCloudServiceLocationMustBeSet": "È necessario impostare il percorso",
  "springCloudServiceNoAppInsights": "App Insights non disponibile",
  "springCloudServiceNoLogAnalytics": "Log Analytics non disponibile",
  "springCloudServiceAppInsightsMustBeSet": "È necessario impostare App Insights",
  "springCloudServicePricingTierMustBeSet": "È necessario impostare il piano tariffario",
  "springCloudServicePricingTiersLabel": "_Piano tariffario",
  "springCloudServicePricingTiersDescription": "Il piano tariffario determina le risorse e i costi associati all'istanza.",
  "springCloudServiceMustBeSet": "È necessario impostare Azure Spring Cloud",
  "springCloudServiceNameContainsReservedWords": "Il nome del servizio non può contenere marchi o parole riservate.",
  "springCloudServiceUnableToCheckNameValid": "Non è possibile verificare la validità del nome"
}