{
  "account": "帐户",
  "azureCategoryName": "Azure",
  "azureCategoryDescription": "将应用程序托管到 Microsoft 云",
  "azureCategoryMultipleTargetsDescription": "希望使用哪个 Azure 服务来托管你的应用程序?",
  "containerRegistryCategoryName": "Docker 容器注册表",
  "containerRegistryCategoryDescription": "将应用程序发布到与 Docker 映像兼容的任何受支持的容器注册表",
  "containerRegistryCategoryMultipleTargetsDescription": "想要使用哪个容器注册表来托管你的应用程序?",
  "folderCategoryName": "文件夹",
  "folderCategoryDescription": "将应用程序发布到本地文件夹或文件共享",
  "folderCategoryMultipleTargetsDescription": "希望发布到哪个本地目标?",
  "ftpCategoryName": "FTP/FTPS 服务器",
  "ftpCategoryDescription": "将应用程序发布到 FTP/FTPS 服务器",
  "iisCategoryName": "Web 服务器(IIS)",
  "iisCategoryDescription": "使用 Web 部署或 Web 部署包将应用程序发布到 IIS",
  "importCategoryName": "导入配置文件",
  "importCategoryDescription": "导入发布设置以部署应用",
  "aspireAcaAzDevEnvironmentTargetName": "适用于 .NET Aspire 的 Azure 容器应用",
  "aspireAcaAzDevEnvironmentTragetDescription": "使用 Azure Developer CLI (azd) 将 .NET Aspire 项目部署到 Azure 容器应用",
  "azureAppServiceContainerLinuxTargetName": "Azure 应用服务容器",
  "azureAppServiceContainerLinuxTargetDescription": "将应用程序作为 Docker 映像发布到 Azure 容器注册表并在 Azure 应用服务上运行",
  "azureAppServiceLinuxTargetName": "Azure 应用服务(Linux)",
  "azureAppServiceLinuxTargetDescription": "将应用程序发布到易于缩放的托管基础结构",
  "azureAppServiceWindowsTargetName": "Azure 应用服务(Windows)",
  "azureAppServiceWindowsTargetDescription": "将应用程序发布到易于缩放的托管基础结构",
  "azureContainerAppLinuxTargetName": "Azure 容器应用(Linux)",
  "azureContainerAppLinuxTargetDescription": "在 Azure 的无服务器平台上运行可缩放的容器化应用程序和微服务",
  "azureContainerRegistryTargetName": "Azure 容器注册表",
  "azureContainerRegistryTargetDescription": "将应用程序作为 Docker 映像发布到 Azure 容器注册表",
  "azureFunctionAppContainerLinuxTargetName": "Azure 函数应用容器",
  "azureFunctionAppContainerLinuxTargetDescription": "将应用程序作为 Docker 映像发布到 Azure 容器注册表并在 Azure 函数应用上运行",
  "azureFunctionAppLinuxTargetName": "Azure 函数应用(Linux)",
  "azureFunctionAppLinuxTargetDescription": "将应用程序代码发布到动态缩放且按需运行代码的无服务器计算",
  "azureFunctionAppTargetName": "Azure 函数应用",
  "azureFunctionAppTargetDescription": "将应用程序代码发布到动态缩放且按需运行代码的无服务器计算",
  "azureKubernetesServiceTargetName": "Azure Kubernetes 服务",
  "azureKubernetesServiceTargetDescription": "在 Azure 中为企业级容器业务流程管理 Kubernetes 群集",
  "azureSpringCloudSteelToeTargetName": "Azure Spring Cloud",
  "azureSpringCloudSteelToeTargetDescription": "将应用程序代码发布到在服务注册表和配置管理上具有托管的 Spring Cloud 组件的全托管式服务中。",
  "azureStaticWebAppTargetName": "Azure Static Web Apps",
  "azureStaticWebAppTargetDescription": "将应用程序代码发布到 Azure 中的无服务器平台",
  "azureVirtualMachineTargetName": "Azure 虚拟机",
  "azureVirtualMachineTargetDescription": "管理你自己的基础结构",
  "azureWebJobsTargetName": "Azure WebJobs (Windows)",
  "azureWebJobsTargetDescription": "将应用程序发布到易于缩放的托管基础结构",
  "azureWebJobsCreateNewText": "创建新的 Azure WebJob…",
  "azureWebJobsDescription": "选择现有 Azure WebJob 或新建一个",
  "azureWebJobsLinuxTargetName": "Azure WebJobs (Linux) (预览版)",
  "azureWebJobsLinuxTargetDescription": "将应用程序代码发布到易于缩放的托管基础结构",
  "dockerContainerRegistryTargetName": "Docker Hub",
  "dockerContainerRegistryTargetDescription": "将应用程序作为 Docker 映像发布到 Docker Hub",
  "dockerCustomContainerRegistryTargetName": "其他 Docker 容器注册表",
  "dockerCustomContainerRegistryTargetDescription": "将应用程序作为 Docker 映像发布到任何受支持的容器注册表",
  "ftpSitePath": "FTP 站点路径",
  "ftpPassiveMode": "FTP 被动模式",
  "ftpTargetName": "FTP 服务器",
  "ftpTargetDescription": "将应用程序代码发布到 FTP 服务器",
  "iisAppPath": "IIS 应用程序",
  "iisWebDeployTargetName": "Web 部署",
  "iisWebDeployTargetDescription": "使用 Web 部署将应用程序代码发布到 IIS",
  "iisWebDeployPackageTargetName": "Web 部署包",
  "iisWebDeployPackageTargetDescription": "使用 Web 部署包将应用程序代码发布到 IIS",
  "attentionRequired": "需要注意",
  "azCopyService": "Azure 存储 AzCopy",
  "azCopyServiceDescription": "允许将文件复制到各种 Azure 服务",
  "apiLocation": "API 位置",
  "appLocation": "应用位置",
  "azdCli": "Azure Developer CLI (azd)",
  "azdCliDescription": "一种开放源代码工具，可缩短将应用程序从本地开发环境迁移到 Azure 所需的时间。它会提供最佳做法，以及映射到工作流中关键阶段的开发人员友好命令，无论你是在终端、编辑器还是集成开发环境(IDE)或 CI/CD (持续集成/持续部署)中工作。",
  "azdCliInstallFailure": "无法安装 AZD。单击“了解详细信息”链接以手动安装。安装 AZD 后，关闭此对话框，然后重试。",
  "azureApiManagement": "Azure API 管理",
  "containerBuild": "容器内部版本",
  "containerAppsEnvironment": "容器应用环境",
  "containerName": "容器名称",
  "containerRegistry": "容器注册表",
  "containerRegistrySecrets": "容器注册表机密",
  "copied": "已复制",
  "deleteAdditionalFiles": "删除目标上的其他文件",
  "deleteExistingFiles": "删除现有文件",
  "deploymentMode": "部署模式",
  "deploymentSlot": "部署槽位",
  "defaultTargetName": "默认",
  "defaultTargetDescription": "默认",
  "dotnetEnvironment": "DOTNET_ENVIRONMENT",
  "editConfiguration": "编辑配置",
  "editDeleteExistingFiles": "编辑删除现有文件",
  "editDeploymentMode": "编辑部署模式",
  "editPassword": "编辑密码",
  "editSdkVersion": "编辑 SDK 版本",
  "editTargetRuntime": "编辑目标运行时",
  "editTargetVersion": "编辑目标框架",
  "editUserName": "编辑用户名",
  "editWebJobName": "编辑 Web 作业名称",
  "editWebJobType": "编辑 Web 作业类型",
  "editWorkflow": "编辑工作流",
  "environment": "环境",
  "environmentName": "环境名",
  "error": "错误",
  "frameworkDependent": "依赖框架",
  "githubGettingWorkflowStatus": "正在获取工作流状态",
  "githubSecret": "GitHub 机密名称",
  "githubSecretExists": "在存储库中找到了机密",
  "gitHubServicePrincipalSecret": "GitHub 服务主体密钥名称",
  "githubActionsWorkflow": "GitHub Actions 工作流",
  "github_secret_help_description": "如何在工作流中使用机密?",
  "github_serviceprincipal_help_description": "为何需要服务主体?",
  "hostingSection": "托管",
  "imageName": "映像名称",
  "imageTag": "映像标志",
  "ingressTargetPort": "目标端口",
  "installSiteExtensions": "安装 ASP.NET Core 站点扩展",
  "lastUsedBuildConfiguration": "配置",
  "location": "位置",
  "logAnalyticsWorkspace": "Log Analytics 工作区",
  "name": "名称",
  "newEnvironment": "新建环境",
  "notProvisionedYet": "尚未设置",
  "ok": "确定",
  "openFolder": "打开文件夹",
  "openInAzurePortal": "在 Azure 门户中打开",
  "openSite": "打开网站",
  "outputLocation": "输出位置",
  "password": "密码",
  "portable": "可移植",
  "publishProfileSecret": "发布配置文件机密",
  "repository": "存储库",
  "resources": "资源",
  "resourceGroup": "资源组",
  "resourceName": "资源名称",
  "sdkVersion": ".NET SDK 版本",
  "selfContained": "独立",
  "server": "服务器",
  "servicesSection": "服务",
  "serviceDependenciesSection": "服务依赖项",
  "servicePrincipalSecret": "服务主体机密",
  "settingsSection": "设置",
  "showAll": "显示所有设置",
  "siteUrl": "站点 URL",
  "site": "站点:",
  "source": "源",
  "subscription": "订阅",
  "targetFramework": "目标框架",
  "targetLocation": "目标位置",
  "targetRuntime": "目标运行时",
  "userName": "用户名",
  "vsWebWorkload": "ASP.NET 和 Web 开发",
  "vsWebWorkloadDescription": "使用 ASP.NET Core、ASP.NET、HTML/JavaScript 和包括 Docker 支持的容器生成 Web 应用程序。",
  "warning": "警告",
  "willBeGeneratedDuringPublish": "<将在发布期间生成>",
  "webJobName": "Web 作业名称",
  "webJobType": "Web 作业类型",
  "workflowTriggers": "触发器",
  "containerPrereqFailure": "缺少容器先决条件。",
  "editCredentials": "编辑凭据",
  "failedToGenerateAndPushSwagger": "无法在部署后生成并将 OpenAPI 定义推送到 API 管理。",
  "failedToPushSwagger": "无法在部署后将 OpenAPI 定义推送到 API 管理。",
  "failedToPushToACRForAppService": "无法将 Docker 映像推送到 Azure 容器注册表以供在 Azure 应用服务中使用。",
  "failedToPushToACRForContainerApps": "无法将 Docker 映像推送到 Azure 容器注册表以供在 Azure 容器应用中使用。",
  "failedToPushToContainerRegistry": "无法将 Docker 映像推送到容器注册表",
  "openInAppInsights": "在 Application Insights 中打开",
  "profileLacksCreds": "要发布此配置文件，配置文件需要具有凭据。",
  "seeLogsInOutputPane": "在输出窗口中查看日志",
  "seeLogsInAzDevOuputPane": "在 AzDev 输出窗口中查看日志",
  "siteDidNotStart": "Visual Studio 无法确认应用程序能否启动。",
  "basicAuthDisabled": "未为所选 Azure 服务启用基本身份验证。"
}