{
  "aspireAzDevEnvironment": {
    "guid": "ACFE44B5-B1C2-4033-A1A3-5BF20E80F77B",
    "id": 7
  },
  "aspWebsite": {
    "guid": "AE27A6B0-E345-4288-96DF-5EAF394EE369",
    "id": 195
  },
  "azCopyService": {
    "guid": "AE27A6B0-E345-4288-96DF-5EAF394EE369",
    "id": 3913
  },
  "azure": {
    "guid": "AE27A6B0-E345-4288-96DF-5EAF394EE369",
    "id": 3523
  },
  "azureAppService": {
    "guid": "AE27A6B0-E345-4288-96DF-5EAF394EE369",
    "id": 3793
  },
  "azureContainerAppLinux": {
    "guid": "AE27A6B0-E345-4288-96DF-5EAF394EE369",
    "id": 3990
  },
  "azureContainerRegistry": {
    "guid": "AE27A6B0-E345-4288-96DF-5EAF394EE369",
    "id": 3794
  },
  "azureFunctionApp": {
    "guid": "AE27A6B0-E345-4288-96DF-5EAF394EE369",
    "id": 3795
  },
  "azureKubernetesService": {
    "guid": "AE27A6B0-E345-4288-96DF-5EAF394EE369",
    "id": 4032
  },
  "azureLogAnalyticsWorkspace": {
    "guid": "AE27A6B0-E345-4288-96DF-5EAF394EE369",
    "id": 3914
  },
  "azureResourceGroup": {
    "guid": "AE27A6B0-E345-4288-96DF-5EAF394EE369",
    "id": 3805
  },
  "azureSpringCloud": {
    "guid": "AE27A6B0-E345-4288-96DF-5EAF394EE369",
    "id": 3915
  },
  "azureStaticApps": {
    "guid": "AE27A6B0-E345-4288-96DF-5EAF394EE369",
    "id": 4017
  },
  "azureVirtualMachine": {
    "guid": "AE27A6B0-E345-4288-96DF-5EAF394EE369",
    "id": 3799
  },
  "dockerContainerRegistry": {
    "guid": "AE27A6B0-E345-4288-96DF-5EAF394EE369",
    "id": 3689
  },
  "folder": {
    "guid": "AE27A6B0-E345-4288-96DF-5EAF394EE369",
    "id": 1294
  },
  "ftp": {
    "guid": "AE27A6B0-E345-4288-96DF-5EAF394EE369",
    "id": 1365
  },
  "github": {
    "guid": "AE27A6B0-E345-4288-96DF-5EAF394EE369",
    "id": 3809
  },
  "iis": {
    "guid": "AE27A6B0-E345-4288-96DF-5EAF394EE369",
    "id": 1739
  },
  "import": {
    "guid": "AE27A6B0-E345-4288-96DF-5EAF394EE369",
    "id": 1546
  },
  "statusError": {
    "guid": "AE27A6B0-E345-4288-96DF-5EAF394EE369",
    "id": 2926
  },
  "statusOK": {
    "guid": "AE27A6B0-E345-4288-96DF-5EAF394EE369",
    "id": 2940
  },
  "statusWarning": {
    "guid": "AE27A6B0-E345-4288-96DF-5EAF394EE369",
    "id": 2956
  },
  "statusSecurityOK": {
    "guid": "AE27A6B0-E345-4288-96DF-5EAF394EE369",
    "id": 2949
  },
  "statusSecurityWarning": {
    "guid": "AE27A6B0-E345-4288-96DF-5EAF394EE369",
    "id": 2950
  },
  "webDeploy": {
    "guid": "AE27A6B0-E345-4288-96DF-5EAF394EE369",
    "id": 953
  },
  "webDeployPackage": {
    "guid": "AE27A6B0-E345-4288-96DF-5EAF394EE369",
    "id": 2210
  }
}
