{
  "apiAdministratorEmailDescription": "Установите адрес электронной почты, на который будут отправляться все системные уведомления от Управления API.",
  "apiAdministratorEmailLabel": "_Адрес электронной почты администратора",
  "apiManagementAzureDisplayName": "Служба управления API Azure",
  "apiManagementAzureDescription": "Публикация API-интерфейсов в Управление API для использования службами Azure Logic Apps и Power Apps",
  "apiManagementApiAzureDescription": "Публикация API-интерфейсов в Управление API для использования службами Azure Logic Apps и Power Apps",
  "apiManagementApiAzureDisplayName": "API в Управлении API",
  "apiManagementApiNameNotAvailable": "Имя недоступно.",
  "apiManagementApiResourceNameLabel": "_Имя API",
  "apiManagementApiUnableToCheckNameAvailable": "Невозможно проверить доступность имени.",
  "apimangementApiCreateNameInstance": "Создать API Управления API",
  "apimapiNameNotMeetCriteria": "Имя API должно начинаться и заканчиваться буквой или цифрой и может содержать только буквы, цифры и дефисы.",
  "apiURLSuffixDescription": "Путь в домене имени службы API.",
  "apiURLSuffixLabel": "Суффикс _URL-адреса API",
  "apiSelectedServiceMustBeSet": "Необходимо выбрать службу.",
  "apiManagementApisFolderName": "Интерфейсы API",
  "apiURLSuffixMustBeUniqueInService": "Суффикс URL-адреса должен быть уникальным в пределах одного экземпляра службы",
  "apiServicesDropdownLabel": "Служба _Управления API",
  "apiServicesDropdownDescription": "Список служб Управления API, где может размещаться этот API-интерфейс.",
  "apiManagementDisplayBasic": "Базовый (SLA 99,9%)",
  "apiManagementDisplayConsumption": "Потребление (SLA 99,9%)",
  "apiManagementDisplayDeveloper": "Разработка (без SLA)",
  "apiManagementDisplayPremium": "Премиум (SLA 99,99%)",
  "apiManagementDisplayStandard": "Стандартный (SLA 99,9%)",
  "apimangementCreateNameInstance": "Создать службу Управления API",
  "apiManagementUnableToCheckName": "Не удалось проверить имя.",
  "apiManagementResourceNameLabel": "_Имя",
  "apiManagementNameNotAvailable": "Имя уже используется.",
  "apiManagementNameNotMeetCriteria": "Длина имени должна составлять от 1 до 50 символов. Имя должно начинаться с буквы и может содержать только буквы и цифры.",
  "apiManagementAzureCollectiveNoun": "Экземпляры Управления API",
  "apiManagementApiAzureCollectiveNoun": "API-интерфейсы Управления API",
  "appInsightsAzureDescription": "Отслеживайте производительность и использование веб-приложения (с подключением к экземпляру, запущенному в Azure)",
  "appInsightsCollectiveNoun": "Экземпляры Application Insights",
  "appInsightsCreateNameInstance": "Создать компонент Application Insights",
  "appInsightsDisplayName": "Application Insights",
  "appInsightsLogAnalyticsDropdownDescription": "Хранение данных аналитики",
  "appInsightsLogAnalyticsDropdownLabel": "Рабочая область Azure Log _Analytics",
  "appInsightsLogAnalyticsMustBeSet": "Требуется задать рабочую область Log Analytics.",
  "appInsightsNameContainsReservedWords": "Имя ресурса не может содержать товарные знаки и зарезервированные слова",
  "appInsightsNameNotAvailable": "Имя уже используется.",
  "appInsightsNameNotMeetCriteria": "Допустимая длина имени — от 1 до 256 символов. Оно может содержать только буквенно-цифровые символы и дефисы.",
  "appInsightsResourceNameLabel": "_Имя",
  "appInsightsToLogAnalyticsLocationMismatchWarning": "Размещение Application Insights в {0}, а не в {1}, где находится рабочая область Log Analytics, может повлиять на производительность, затраты и соответствие требованиям",
  "appInsightsUnableToCheckNameAvailable": "Невозможно проверить доступность имени.",
  "appInsightsUnableToCheckNameValid": "Не удается проверить допустимость имени",
  "springCloudServiceAppInsightsDropdownDescription": "Хранение данных трассировки.",
  "springCloudServiceAppInsightsDropdownLabel": "Azure A_pp Insights",
  "springCloudServiceLogAnalyticsDropdownDescription": "Хранение данных аналитики.",
  "springCloudServiceLogAnalyticsDropdownLabel": "Рабочая область Azure Log _Analytics",
  "logAnalyticsAzureDescription": "Удобные возможности хранения и запроса данных, собираемых с отслеживаемых ресурсов в Azure.",
  "logAnalyticsUnableToCheckNameAvailable": "Невозможно проверить доступность имени.",
  "logAnalyticsAzureCollectiveNoun": "Рабочие области Azure Log Analytics",
  "logAnalyticsNameNotAvailable": "Имя недоступно.",
  "logAnalyticsCreateNameInstance": "Создание рабочей области Azure Log Analytics",
  "logAnalyticsSkuDropDownName": "S_KU",
  "logAnalyticsSkuDropDownDescription": "Стоимость рабочей области зависит от ценовой категории и используемых вами решений.",
  "logAnalyticsSkuDisplayPerg2018": "Оплата по мере использования (\"За ГБ (2018)\")",
  "logAnalyticsNameNotMeetCriteria": "Допустимая длина имени рабочей области — от 4 до 63 символов. Имя может включать только буквы, цифры и дефисы. Имя не может начинаться с дефиса или заканчиваться дефисом.",
  "logAnalyticsSelectedSkuMustBeSet": "Требуется задать SKU",
  "logAnalyticsResourceNameLabel": "_Имя",
  "logAnalyticsDisplayName": "Рабочая область Azure Log Analytics",
  "appConfigAzureDependencyTypeName": "Конфигурация приложений Azure",
  "appConfigAzureDisplayName": "Конфигурация приложений Azure",
  "appConfigAzureDescription": "Простой доступ к параметрам \"ключ-значение\" приложения и флагам функций, централизованно управляемым в Azure.",
  "appConfigCollectiveNoun": "Хранилища Конфигурации приложений",
  "appConfigResourceNameLabel": "_Имя ресурса",
  "appConfigCreateNameInstance": "Создание хранилища Конфигурации приложений Azure.",
  "appConfigFreeSkuLimitReached": "Для этой подписки достигнуто ограничение в один ресурс Конфигурации приложений на уровне \"Бесплатный\".",
  "appConfigNameContainsReservedWords": "Имя не может содержать товарные знаки и зарезервированные слова.",
  "appConfigNameNotAvailable": "Имя недоступно.",
  "appConfigNameNotMeetCriteria": "Имя должно содержать только буквенно-цифровые символы ASCII и символ \"-\". Допустимая длина — от 5 до 50 символов.",
  "appConfigSelectedSkuMustBeSet": "Необходимо задать ценовую категорию.",
  "appConfigSkuDropDownDescription": "Выберите ценовую категорию в соответствии с требованиями вашего приложения к хранилищу и Соглашению об уровне обслуживания.",
  "appConfigSkuDropDownName": "Ц_еновая категория",
  "appConfigSkuDisplayFree": "Бесплатный",
  "appConfigSkuDisplayStandard": "Стандартный",
  "appConfigUnableToAccess": "Не удалось получить доступ к хранилищу Конфигурации приложений \"{0}\". Убедитесь, что оно существует и доступно.",
  "appConfigUnableToCheckNameAvailable": "Не удается проверить доступность имени.",
  "appConfigUnableToCheckNameValid": "Не удается проверить допустимость имени.",
  "containerAppsAzureDisplayName": "Контейнеры приложений Azure",
  "containerAppsAzureDescription": "Запуск масштабируемых контейнерных приложений и микрослужб на бессерверной платформе в Azure",
  "containerAppsCollectiveNoun": "Приложения-контейнеры",
  "containerAppsCreateNameInstance": "Создать приложение-контейнер Azure",
  "containerAppsResourceNameLabel": "Имя приложения к_онтейнера",
  "containerAppsContainerNameLabel": "Имя _контейнера",
  "containerAppsContainerNameDescription": "Имя первого контейнера в приложении контейнеров",
  "containerAppsContainerNameNotMeetCriteria": "Имя контейнера должно содержать от 1 до 63 символов, начинаться со строчной буквы или цифры, содержать строчные буквы, цифры, дефисы и заканчиваться строчной буквой или цифрой",
  "containerAppsNameContainsReservedWords": "Имя приложения-контейнера не может содержать товарные знаки и зарезервированные слова.",
  "containerAppsNameNotMeetCriteria": "Имя приложения-контейнера должно содержать от 2 до 32 символов, начинаться со строчной буквы, содержать строчные буквы, цифры, дефисы и заканчиваться строчной буквой или цифрой",
  "containerAppsNameNotAvailable": "Имя приложения-контейнера недоступно",
  "containerAppsUnableToCheckNameAvailable": "Не удается проверить, доступно ли имя приложения-контейнера",
  "containerAppsUnableToCheckNameValid": "Не удается проверить допустимость имени",
  "containerAppsLocationMustBeSet": "Необходимо задать расположение.",
  "containerAppsManagedEnvironmentDisplayName": "Среда контейнеров приложений Azure",
  "containerAppsManagedEnvironmentCollectiveNoun": "Среды для контейнеров приложений",
  "containerAppsManagedEnvironmentMustBeSet": "Необходимо настроить среду приложений-контейнеров",
  "containerAppsManagedEnvDropDownName": "Среда приложений-к_онтейнеров",
  "containerAppsManagedEnvDropDownDescription": "Выберите среду для запуска приложения-контейнера",
  "cosmosdbAzureDependencyTypeName": "Azure Cosmos DB",
  "cosmosdbAzureDisplayName": "Azure Cosmos DB",
  "cosmosdbAzureDescription": "Используйте согласованные и геореплицированные хранилища данных с широкими возможностями масштабирования.",
  "cosmosdbApiDropDownName": "_API",
  "cosmosdbApiDropDownDescription": "Cosmos DB — это многомодельная служба баз данных. Выберите API и модель данных для использования в этой учетной записи.",
  "cosmosdbApiCoreName": "Основное (SQL)",
  "cosmosdbApiCassandraName": "Cassandra",
  "cosmosdbApiTableName": "Таблица Azure",
  "cosmosdbApiGremlinName": "Gremlin (граф)",
  "cosmosdbApiMongoName": "API-интерфейс Azure Cosmos DB для MongoDB",
  "cosmosdbCollectiveNoun": "Экземпляры Cosmos DB",
  "cosmosdbResourceNameLabel": "_Имя ресурса",
  "cosmosdbCreateNameInstance": "Создать Azure Cosmos DB",
  "cosmosDbNameContainsReservedWords": "Имя не может содержать товарные знаки и зарезервированные слова.",
  "cosmosDbNameNotAvailable": "Имя недоступно.",
  "cosmosDbNameNotMeetCriteria": "Имя может содержать только буквы в нижнем регистре, цифры и дефисы и должно быть длиной от 3 до 31 символа.",
  "cosmosDbUnableToCheckNameAvailable": "Невозможно проверить доступность имени.",
  "cosmosDbUnableToCheckNameValid": "Не удается проверить допустимость имени",
  "cosmosDbSelectedApiMustBeSet": "Необходимо задать API.",
  "formatDisplayNameWithLocation": "{0} ({1})",
  "formatDisplayNameNewItemWithLocation": "*{0} ({1})",
  "indicatorColumnHeader": "",
  "managedEnvironmentDisplayName": "Среда контейнеров приложений Azure",
  "managedEnvironmentDescription": "Среда на основе Kubernetes для запуска приложений-контейнеров",
  "managedEnvironmentCollectiveNoun": "Среды приложения-контейнера",
  "managedEnvironmentsCreateNameInstance": "Создать среду контейнеров приложений Azure",
  "managedEnvironmentResourceNameLabel": "_Имя среды",
  "managedEnvironmentNameNotMeetCriteria": "Имя среды должно содержать от 2 до 60 символов, начинаться с буквы или цифры, содержать буквы, цифры, дефисы и заканчиваться буквой или цифрой",
  "managedEnvironmentNameNotAvailable": "Имя среды недоступно",
  "managedEnvironmentUnableToCheckNameAvailable": "Не удается проверить имя среды",
  "managedEnvironmentNameContainsReservedWords": "Имя среды не может содержать товарные знаки и зарезервированные слова.",
  "managedEnvironmentUnableToCheckNameValid": "Не удается проверить допустимость имени среды",
  "managedEnvironmentLocationMustBeSet": "Необходимо задать расположение.",
  "managedEnvironmentLogAnalyticsMustBeSet": "Требуется настроить Log Analytics",
  "managedEnvironmentCreateNewInstanceDescription": "Создать среду контейнеров приложений Azure",
  "managedEnvironmentLogAnalyticsDropdownDescription": "Хранение данных аналитики",
  "managedEnvironmentLogAnalyticsDropdownLabel": "Рабочая область Azure Log _Analytics",
  "managedEnvNoMoreThan2PerSubscription": "Подписка не может содержать более 2 управляемых сред.",
  "pricingTierColumnHeader": "_Уровень",
  "pricingTierDropDownDescription": "Выберите параметры ценообразования и надежности для вашей службы.",
  "pricingTierDropDownName": "Ценовая _категория",
  "redisAzureCollectiveNoun": "Кэши Azure для Redis",
  "redisAzureDependencyTypeName": "Azure Cache for Redis",
  "redisAzureDisplayName": "Кэш Azure для Redis",
  "redisAzureDescription": "Помогите приложению сохранить работоспособность даже при увеличении нагрузки благодаря низкой задержке и высокой пропускной способности подсистемы Redis.",
  "redisSkuDropDownName": "_Номер SKU",
  "redisSkuDropDownDescription": "Выберите SKU в соответствии с требованиями вашего приложения к размеру кэша и репликации.",
  "redisSkuDisplayBasicC0": "Базовый C0 (кэш 250 МБ)",
  "redisSkuDisplayBasicC1": "Базовый C1 (кэш 1 ГБ)",
  "redisSkuDisplayBasicC2": "Базовый C2 (кэш 2,5 ГБ)",
  "redisSkuDisplayBasicC3": "Базовый C3 (кэш 6 ГБ)",
  "redisSkuDisplayBasicC4": "Базовый C4 (кэш 13 ГБ)",
  "redisSkuDisplayBasicC5": "Базовый C5 (кэш 26 ГБ)",
  "redisSkuDisplayBasicC6": "Базовый C6 (кэш 53 ГБ)",
  "redisSkuDisplayStandardC0": "Стандартный C0 (кэш 250 МБ, репликация)",
  "redisSkuDisplayStandardC1": "Стандартный C1 (кэш 1 ГБ, репликация)",
  "redisSkuDisplayStandardC2": "Стандартный C2 (кэш 2,5 ГБ, репликация)",
  "redisSkuDisplayStandardC3": "Стандартный C3 (кэш 6 ГБ, репликация)",
  "redisSkuDisplayStandardC4": "Стандартный C4 (кэш 13 ГБ, репликация)",
  "redisSkuDisplayStandardC5": "Стандартный C5 (кэш 26 ГБ, репликация)",
  "redisSkuDisplayStandardC6": "Стандартный C6 (кэш 53 ГБ, репликация)",
  "redisSkuDisplayPremiumP1": "Премиум P1 (кэш 1 ГБ, репликация)",
  "redisSkuDisplayPremiumP2": "Премиум P2 (кэш 2,5 ГБ, репликация)",
  "redisSkuDisplayPremiumP3": "Премиум P3 (кэш 6 ГБ, репликация)",
  "redisSkuDisplayPremiumP4": "Премиум P4 (кэш 13 ГБ, репликация)",
  "redisSkuDisplayPremiumP5": "Премиум P5 (кэш 26 ГБ, репликация)",
  "redisResourceNameLabel": "_Имя ресурса",
  "redisSelectedSkuMustBeSet": "Необходимо задать номер SKU.",
  "redisCreateNameInstance": "Создать кэш Azure для Redis",
  "redisNameContainsReservedWords": "Имя не может содержать товарные знаки и зарезервированные слова.",
  "redisNameNotAvailable": "Имя недоступно.",
  "redisNameNotMeetCriteria": "Имя должно содержать только буквы, цифры и дефисы. Первый и последний символы должны быть буквами или цифрами. Последовательные дефисы не допускаются.",
  "redisUnableToCheckNameAvailable": "Невозможно проверить доступность имени.",
  "redisUnableToCheckNameValid": "Не удается проверить допустимость имени",
  "connectionSettingName": "_Имя параметра подключения",
  "connectionStringNameLabel": "Имя стр_оки подключения",
  "connectionStringNameDescription": "Имя, по которому код будет ссылаться на этот ресурс",
  "locationDropDownName": "_Расположение",
  "locationDropDownDescription": "Расположение для создания ресурса.",
  "newCommandLabel": "Создать…",
  "organizationNameIsRequired": "Требуется указать организацию",
  "organizationNameLabel": "_Организация",
  "organizationNameDescription": "Укажите название своей организации для использования на портале разработчика и в уведомлениях по электронной почте.",
  "resourceTypeNotSupportedError": "Тип ресурса не поддерживается в этой подписке.",
  "selectedLocationMustBeSet": "Необходимо задать расположение.",
  "locationColumnHeader": "_Расположение",
  "resourceGroupColumnHeader": "Группа ре_сурсов",
  "nameColumnHeader": "_Имя",
  "skuColumnHeader": "S_KU",
  "urlSuffixLengthMustBeValid": "Суффикс URL-адреса должен содержать менее 400 символов.",
  "serviceLinkerDisplayName": "Соединитель сервисов",
  "serviceLinkerAzureDescription": "Соединитель сервисов создает подключение между ресурсами с расчетом и другими ресурсами Azure",
  "serviceLinkerAzureCollectiveNoun": "Связи соединителя сервисов",
  "signalrCollectiveNoun": "Экземпляры SignalR",
  "signalrAzureDescription": "Легко взаимодействуйте с вашим веб-приложением в реальном времени.",
  "signalrAzureDisplayName": "Служба Azure SignalR",
  "signalrPricingTierDropDownName": "_Ценовая категория",
  "signalrPricingTierDropDownDescription": "Выберите SKU в соответствии с требованиями вашего приложения к размеру кэша и репликации.",
  "signalrPricingTierDisplayStandard": "Стандартный",
  "signalrPricingTierDisplayFree": "Бесплатный",
  "signalrPricingTierDisplayPremium": "Премиум",
  "signalrResourceNameLabel": "_Имя ресурса",
  "signalrNameNotMeetCriteria": "Допустимая длина имени — от 3 до 63 символов. Он может включать только буквенно-цифровые символы и дефисы.",
  "signalrNameContainsReservedWords": "Имя ресурса не может содержать товарные знаки и зарезервированные слова.",
  "signalrUnableToCheckNameAvailable": "Невозможно проверить доступность имени.",
  "signalrUnableToCheckNameValid": "Не удается проверить допустимость имени",
  "signalrNameNotAvailable": "Имя уже используется.",
  "signalrSelectedSkuMustBeSet": "Необходимо задать номер SKU.",
  "signalrCreateInstanceText": "Создать экземпляр службы Azure SignalR",
  "signalrSkuCount": "Число служб SignalR уровня \"Бесплатный\" в подписке не может превышать 5.",
  "azureKubernetesService": "Служба Azure Kubernetes",
  "azureKubernetesServiceCollectiveNoun": "Служба Azure Kubernetes",
  "azureKubernetesServiceDescription": "Приложение, работающее в Службе Azure Kubernetes",
  "azureVirtualMachineScaleSet": "Масштабируемый набор виртуальных машин Azure",
  "azureVirtualMachineScaleSetCollectiveNoun": "Масштабируемые наборы виртуальных машин Azure",
  "azureVirtualMachineScaleSetDescription": "Приложение, работающее в масштабируемых наборах виртуальных машин Azure",
  "azureVirtualMachineScaleSetWindows": "Масштабируемый набор виртуальных машин Azure (Windows)",
  "azureVirtualMachineScaleSetWindowsCollectiveNoun": "Масштабируемые наборы виртуальных машин Azure (Windows)",
  "azureVirtualMachineScaleSetWindowsDescription": "Приложение, работающее в масштабируемых наборах виртуальных машин (Windows)",
  "azureClassicVirtualMachine": "Классическая виртуальная машина Azure",
  "azureClassicVirtualMachineCollectiveNoun": "Классические виртуальные машины Azure",
  "azureClassicVirtualMachineDescription": "Приложение, работающее в классической виртуальной машине Azure",
  "azureClassicVirtualMachineWindows": "Классическая виртуальная машина Azure (Windows)",
  "azureClassicVirtualMachineWindowsCollectiveNoun": "Классические виртуальные машины Azure (Windows)",
  "azureClassicVirtualMachineWindowsDescription": "Приложение, работающее в классической виртуальной машине Azure (Windows)",
  "springCloudAppDescription": "Приложение, работающее в Azure Spring Cloud.",
  "springCloudAppDisplayName": "Приложение Azure Spring Cloud",
  "springCloudAppsFolderName": "Приложения",
  "springCloudAppCollectiveNoun": "Приложения Azure Spring Cloud",
  "springCloudAppCreateNameInstance": "Создать приложение Azure Spring Cloud",
  "springCloudAppResourceNameLabel": "Имя _приложения",
  "springCloudAppNameContainsReservedWords": "Имя приложения не может содержать товарные знаки и зарезервированные слова.",
  "springCloudAppNameNotMeetCriteria": "Имя может содержать только строчные буквы, цифры и дефисы, а также должно начинаться с буквы и заканчиваться буквой или цифрой. Допустимая длина — от 4 до 32 символов.",
  "springCloudAppNameNotAvailable": "Имя уже используется.",
  "springCloudAppUnableToCheckNameAvailable": "Невозможно проверить доступность имени.",
  "springCloudAppUnableToCheckNameValid": "Не удается проверить допустимость имени",
  "springCloudDeploymentCollectiveNoun": "Развертывания Azure Spring Cloud",
  "springCloudDeploymentDescription": "Приложения Azure Spring Cloud могут поддерживать множество развертываний для тестирования служб \"сине-зеленой\" инфраструктуры.",
  "springCloudDeploymentDisplayName": "Развертывание Azure Spring Cloud",
  "springCloudServiceCollectiveNoun": "Службы Azure Spring Cloud",
  "springCloudServiceCreateNameInstance": "Создание службы Azure Spring Cloud",
  "springCloudServiceDescription": "Azure Spring Cloud — это бессерверная платформа микрослужб, позволяющая создавать, развертывать, масштабировать и отслеживать приложения в облаке. Spring Cloud позволяет применять современные шаблоны микрослужб в приложениях Spring Boot, чтобы быстро создавать надежные приложения .NET без использования шаблонного кода.",
  "springCloudServiceDisplayName": "Azure Spring Cloud",
  "springCloudServiceLogAnalyticsMustBeSet": "Требуется задать рабочую область Log Analytics.",
  "springCloudServiceResourceNameLabel": "Имя с_лужбы",
  "springCloudServiceNameNotMeetCriteria": "Имя может содержать только строчные буквы, цифры и дефисы, а также должно начинаться с буквы и заканчиваться буквой или цифрой. Допустимая длина — от 4 до 32 символов.",
  "springCloudServiceNameNotAvailable": "Имя уже используется.",
  "springCloudServiceUnableToCheckNameAvailable": "Невозможно проверить доступность имени.",
  "springCloudServicesDropdownLabel": "Azure S_pring Cloud",
  "springCloudServicesDropdownDescription": "Выберите службу Azure Spring Cloud, где будет работать приложение.",
  "springCloudServiceSkuBasic": "Базовый",
  "springCloudServiceSkuStandard": "Стандартный",
  "springCloudServiceLocationMustBeSet": "Необходимо задать расположение.",
  "springCloudServiceNoAppInsights": "App Insights отсутствует",
  "springCloudServiceNoLogAnalytics": "Без Log Analytics",
  "springCloudServiceAppInsightsMustBeSet": "Необходимо настроить App Insights.",
  "springCloudServicePricingTierMustBeSet": "Необходимо задать ценовую категорию",
  "springCloudServicePricingTiersLabel": "Ц_еновая категория",
  "springCloudServicePricingTiersDescription": "Ценовая категория определяет ресурс и стоимость, связанные с вашим экземпляром.",
  "springCloudServiceMustBeSet": "Необходимо настроить Azure Spring Cloud.",
  "springCloudServiceNameContainsReservedWords": "Имя службы не может содержать товарные знаки и зарезервированные слова.",
  "springCloudServiceUnableToCheckNameValid": "Не удается проверить допустимость имени"
}