{
  "account": "Conta",
  "azureCategoryName": "Azure",
  "azureCategoryDescription": "Hospede seu aplicativo na nuvem da Microsoft",
  "azureCategoryMultipleTargetsDescription": "Qual serviço do Azure você deseja usar para hospedar o seu aplicativo?",
  "containerRegistryCategoryName": "Registro de Contêiner do Docker",
  "containerRegistryCategoryDescription": "Publicar seu aplicativo em qualquer Registro de Contêiner compatível que funcione com imagens do Docker",
  "containerRegistryCategoryMultipleTargetsDescription": "Qual Registro de Contêiner você deseja usar para hospedar o seu aplicativo?",
  "folderCategoryName": "Pasta",
  "folderCategoryDescription": "Publicar seu aplicativo em uma pasta local ou em um compartilhamento de arquivo",
  "folderCategoryMultipleTargetsDescription": "Em qual destino local você deseja publicar?",
  "ftpCategoryName": "Servidor FTP/FTPS",
  "ftpCategoryDescription": "Publicar o aplicativo em um servidor FTP/FTPS",
  "iisCategoryName": "Servidor Web (IIS)",
  "iisCategoryDescription": "Publicar seu aplicativo no IIS usando Implantação da Web ou Pacote de Implantação da Web",
  "importCategoryName": "Importar Perfil",
  "importCategoryDescription": "Importar as configurações de publicação para implantar o aplicativo",
  "aspireAcaAzDevEnvironmentTargetName": "Aplicativos de Contêiner do Azure para .NET",
  "aspireAcaAzDevEnvironmentTragetDescription": "Implantar o seu projeto .NET Aspire nos Aplicativos de Contêiner do Azure com a Azure Developer CLI (AZD)",
  "azureAppServiceContainerLinuxTargetName": "Contêiner do Serviço de Aplicativo do Azure",
  "azureAppServiceContainerLinuxTargetDescription": "Publicar seu aplicativo como uma imagem do Docker no Registro de Contêiner do Azure e executá-lo no Serviço de Aplicativo do Azure",
  "azureAppServiceLinuxTargetName": "Serviço de Aplicativo do Azure (Linux)",
  "azureAppServiceLinuxTargetDescription": "Publicar o código do aplicativo em uma infraestrutura gerenciada fácil de ser escalada",
  "azureAppServiceWindowsTargetName": "Serviço de Aplicativo do Azure (Windows)",
  "azureAppServiceWindowsTargetDescription": "Publicar o código do aplicativo em uma infraestrutura gerenciada fácil de ser escalada",
  "azureContainerAppLinuxTargetName": "Aplicativos de Contêiner do Azure (Linux)",
  "azureContainerAppLinuxTargetDescription": "Executar aplicativos conteinerizado escalonáveis e microsserviços em uma plataforma sem servidor no Azure",
  "azureContainerRegistryTargetName": "Registro de Contêiner do Azure",
  "azureContainerRegistryTargetDescription": "Publicar seu aplicativo como uma imagem do Docker no Registro de Contêiner do Azure",
  "azureFunctionAppContainerLinuxTargetName": "Contêiner do Aplicativo de Funções do Azure",
  "azureFunctionAppContainerLinuxTargetDescription": "Publicar o aplicativo como uma imagem do Docker no Registro de Contêiner do Azure e executá-lo no Aplicativo de Funções do Azure",
  "azureFunctionAppLinuxTargetName": "Aplicativo de Funções do Azure (Linux)",
  "azureFunctionAppLinuxTargetDescription": "Publicar o código do aplicativo em uma computação sem servidor que possa ser escalar dinamicamente e executar o código sob demanda",
  "azureFunctionAppTargetName": "Aplicativo de Função do Azure",
  "azureFunctionAppTargetDescription": "Publicar o código do aplicativo em uma computação sem servidor que possa ser escalar dinamicamente e executar o código sob demanda",
  "azureKubernetesServiceTargetName": "Serviço de Kubernetes do Azure",
  "azureKubernetesServiceTargetDescription": "Gerencie clusters Kubernetes para orquestração de contêineres de nível empresarial no Azure",
  "azureSpringCloudSteelToeTargetName": "Azure Spring Cloud",
  "azureSpringCloudSteelToeTargetDescription": "Publique seu código de aplicativo em um serviço totalmente gerenciado com componentes do Spring Cloud gerenciados no registro do serviço e no gerenciamento de configuração.",
  "azureStaticWebAppTargetName": "Aplicativos Web Estáticos do Azure",
  "azureStaticWebAppTargetDescription": "Publicar o código do aplicativo em uma plataforma sem servidor no Azure",
  "azureVirtualMachineTargetName": "Máquina Virtual do Azure",
  "azureVirtualMachineTargetDescription": "Gerenciar sua própria infraestrutura",
  "azureWebJobsTargetName": "Azure WebJobs (Windows)",
  "azureWebJobsTargetDescription": "Publicar o código do aplicativo em uma infraestrutura gerenciada fácil de ser escalada",
  "azureWebJobsCreateNewText": "Criar um WebJob do Azure...",
  "azureWebJobsDescription": "Selecione um Azure WebJob existente ou crie um novo",
  "azureWebJobsLinuxTargetName": "Azure WebJobs (Linux) (Versão Prévia)",
  "azureWebJobsLinuxTargetDescription": "Publicar o código do aplicativo em uma infraestrutura gerenciada fácil de ser escalada",
  "dockerContainerRegistryTargetName": "Docker Hub",
  "dockerContainerRegistryTargetDescription": "Publicar seu aplicativo como uma imagem no Docker Hub",
  "dockerCustomContainerRegistryTargetName": "Outro Registro de Contêiner do Docker",
  "dockerCustomContainerRegistryTargetDescription": "Publicar seu aplicativo como uma imagem do Docker em qualquer Registro de Contêiner com suporte",
  "ftpSitePath": "Caminho do site FTP",
  "ftpPassiveMode": "Modo FTP passivo",
  "ftpTargetName": "Servidor FTP",
  "ftpTargetDescription": "Publicar o código do aplicativo em um servidor FTP",
  "iisAppPath": "Aplicativo do IIS",
  "iisWebDeployTargetName": "Implantação da Web",
  "iisWebDeployTargetDescription": "Publicar o código do aplicativo no IIS usando a Implantação da Web",
  "iisWebDeployPackageTargetName": "Pacote de Implantação da Web",
  "iisWebDeployPackageTargetDescription": "Publicar o código do aplicativo no IIS usando o Pacote de Implantação da Web",
  "attentionRequired": "Atenção necessária",
  "azCopyService": "AzCopy do Armazenamento do Azure",
  "azCopyServiceDescription": "Permite copiar arquivos para uma variedade de serviços do Azure",
  "apiLocation": "Local da API",
  "appLocation": "Local do aplicativo",
  "azdCli": "Azure Developer CLI (azd)",
  "azdCliDescription": "Uma ferramenta de software livre que acelera o tempo necessário para você obter seu aplicativo do ambiente de desenvolvimento local para o Azure. Ela fornece melhores práticas, comandos amigáveis para desenvolvedores que são mapeados para os principais estágios em seu fluxo de trabalho, esteja você trabalhando no terminal, no editor, no ambiente de desenvolvimento integrado (IDE) ou na integração contínua/implantação contínua (CI/CD).",
  "azdCliInstallFailure": "Não foi possível instalar a AZD. Clique no link Saiba mais para instalar manualmente. Depois que a AZD for instalada, feche esta caixa de diálogo e tente novamente.",
  "azureApiManagement": "Gerenciamento de API do Azure",
  "containerBuild": "Build do Contêiner",
  "containerAppsEnvironment": "Ambiente de Aplicativos de Contêiner",
  "containerName": "Nome do contêiner",
  "containerRegistry": "Registro de Contêiner",
  "containerRegistrySecrets": "Segredos do registro de contêiner",
  "copied": "Copiado",
  "deleteAdditionalFiles": "Excluir arquivos adicionais no destino",
  "deleteExistingFiles": "Excluir arquivos existentes",
  "deploymentMode": "Modo de Implantação",
  "deploymentSlot": "Slot de Implantação",
  "defaultTargetName": "Padrão",
  "defaultTargetDescription": "Padrão",
  "dotnetEnvironment": "DOTNET_ENVIRONMENT",
  "editConfiguration": "Editar a configuração",
  "editDeleteExistingFiles": "Editar a exclusão de arquivos existentes",
  "editDeploymentMode": "Editar o modo de implantação",
  "editPassword": "Editar senha",
  "editSdkVersion": "Editar a versão do SDK",
  "editTargetRuntime": "Editar o tempo de execução de destino",
  "editTargetVersion": "Editar a estrutura de destino",
  "editUserName": "Editar nome do usuário",
  "editWebJobName": "Editar o nome do trabalho da Web",
  "editWebJobType": "Editar o tipo de trabalho da Web",
  "editWorkflow": "Editar o fluxo de trabalho",
  "environment": "Ambiente",
  "environmentName": "Nome do ambiente",
  "error": "Erro",
  "frameworkDependent": "Dependente do framework",
  "githubGettingWorkflowStatus": "Obtendo o status do fluxo de trabalho",
  "githubSecret": "Nome do segredo do GitHub",
  "githubSecretExists": "Segredo encontrado no repositório",
  "gitHubServicePrincipalSecret": "Nome secreto da Entidade de Serviço do GitHub",
  "githubActionsWorkflow": "Fluxo de trabalho do GitHub Actions",
  "github_secret_help_description": "Como os segredos são usados nos fluxos de trabalho?",
  "github_serviceprincipal_help_description": "Por que a entidade de serviço é necessária?",
  "hostingSection": "Hospedagem",
  "imageName": "Nome da imagem",
  "imageTag": "Marca da imagem",
  "ingressTargetPort": "Porta de destino",
  "installSiteExtensions": "Instalar a Extensão de Site do ASP.NET Core",
  "lastUsedBuildConfiguration": "Configuração",
  "location": "Localização",
  "logAnalyticsWorkspace": "Workspace do Log Analytics",
  "name": "Nome",
  "newEnvironment": "Novo ambiente",
  "notProvisionedYet": "Ainda não provisionado",
  "ok": "OK",
  "openFolder": "Abrir a pasta",
  "openInAzurePortal": "Abrir no portal do Azure",
  "openSite": "Abrir o site",
  "outputLocation": "Local de saída",
  "password": "Senha",
  "portable": "Portátil",
  "publishProfileSecret": "Segredo do perfil de publicação",
  "repository": "Repositório",
  "resources": "Recursos",
  "resourceGroup": "Grupo de recursos",
  "resourceName": "Nome do recurso",
  "sdkVersion": "Versão do SDK do .NET",
  "selfContained": "Autocontido",
  "server": "Servidor",
  "servicesSection": "Serviços",
  "serviceDependenciesSection": "Dependências de serviço",
  "servicePrincipalSecret": "Segredo da entidade de serviço",
  "settingsSection": "Configurações",
  "showAll": "Mostrar todas as configurações",
  "siteUrl": "URL do Site",
  "site": "Site:",
  "source": "Origem",
  "subscription": "Assinatura",
  "targetFramework": "Estrutura de Destino",
  "targetLocation": "Local de destino",
  "targetRuntime": "Runtime de Destino",
  "userName": "Nome de usuário",
  "vsWebWorkload": "ASP.NET e desenvolvimento Web",
  "vsWebWorkloadDescription": "Crie aplicativos Web usando ASP.NET Core, ASP.NET, HTML/JavaScript e Contêineres, incluindo suporte a Docker.",
  "warning": "Aviso",
  "willBeGeneratedDuringPublish": "<Será gerado durante a publicação>",
  "webJobName": "Nome do WebJob",
  "webJobType": "Tipo de WebJob",
  "workflowTriggers": "Gatilhos",
  "containerPrereqFailure": "Os pré-requisitos do contêiner estavam ausentes.",
  "editCredentials": "Editar credenciais",
  "failedToGenerateAndPushSwagger": "Falha ao gerar e enviar a definição OpenAPI para o Gerenciamento de API após a implantação.",
  "failedToPushSwagger": "Falha ao enviar a definição OpenAPI para o Gerenciamento de API após a implantação.",
  "failedToPushToACRForAppService": "Falha ao enviar a imagem do Docker para o Registro de Contêiner do Azure para uso no Serviço de Aplicativo do Azure.",
  "failedToPushToACRForContainerApps": "Falha ao enviar a imagem do Docker para o Registro de Contêiner do Azure para uso em seu Aplicativo de Contêiner do Azure.",
  "failedToPushToContainerRegistry": "Falha ao enviar a imagem do Docker para o Registro de Contêiner",
  "openInAppInsights": "Abrir no Application Insights",
  "profileLacksCreds": "Para publicar este perfil, o perfil precisa ter credenciais.",
  "seeLogsInOutputPane": "Ver os logs na Janela de saída",
  "seeLogsInAzDevOuputPane": "Veja os registros na janela de saída do AzDev",
  "siteDidNotStart": "O Visual Studio não pôde confirmar que seu aplicativo pôde ser iniciado.",
  "basicAuthDisabled": "A Autenticação Básica não está habilitada para o serviço do Azure selecionado."
}