{
  "resourceTypeForTelemetry": "Redis",
  "displayName": { "$ref": "strings:#/redisAzureDisplayName" },
  "description": { "$ref": "strings:#/redisAzureDescription" },
  "collectiveNoun": { "$ref": "strings:#/redisAzureCollectiveNoun" },
  "icon": {
    "$ref": "images:#/azureRedisCache"
  },
  "entityApiVersion": "2016-04-01",
  "entityDataMapDefinition": {
    "name": "redisResponseProcessor",
    "atomizers": [
      { "$ref": "/shared/datamap.json#/atomizers/idRepeaterTopLevelResource" },
      { "$ref": "/shared/datamap.json#/atomizers/type" },
      { "$ref": "/shared/datamap.json#/atomizers/location" },
      { "$ref": "/shared/datamap.json#/atomizers/name" },
      { "$ref": "/shared/datamap.json#/atomizers/tags" },
      {
        "name": "SKUNAME",
        "kind": "Identity",
        "config": {
          "outwardFacingField": "/properties/sku/name",
          "inwardFacingFields": [ "skuName" ]
        }
      },
      {
        "name": "HOSTNAME",
        "kind": "Identity",
        "config": {
          "outwardFacingField": "/properties/hostName",
          "inwardFacingFields": [ "hostName" ]
        }
      },
      {
        "name": "SSLPORT",
        "kind": "Identity",
        "config": {
          "outwardFacingField": "/properties/sslPort",
          "inwardFacingFields": [ "sslPort" ]
        }
      }
    ],
    "transforms": [
      { "$ref": "/shared/datamap.json#/transforms/id" },
      { "$ref": "/shared/datamap.json#/transforms/resourceGroup" },
      { "$ref": "/shared/datamap.json#/transforms/type" },
      { "$ref": "/shared/datamap.json#/transforms/location" },
      { "$ref": "/shared/datamap.json#/transforms/name" },
      { "$ref": "/shared/datamap.json#/transforms/tags" },
      {
        "name": "skuName",
        "kind": "Identity",
        "config": {
          "transformedField": "skuName"
        }
      },
      {
        "name": "hostName",
        "kind": "Identity",
        "config": {
          "transformedField": "hostName"
        }
      },
      {
        "name": "sslPort",
        "kind": "Identity",
        "config": {
          "transformedField": "sslPort"
        }
      }
    ],
    "deatomizers": [
      { "$ref": "/shared/datamap.json#/atomizers/id" },
      { "$ref": "/shared/datamap.json#/atomizers/resourceGroup" },
      { "$ref": "/shared/datamap.json#/atomizers/type" },
      { "$ref": "/shared/datamap.json#/atomizers/location" },
      { "$ref": "/shared/datamap.json#/atomizers/name" },
      { "$ref": "/shared/datamap.json#/atomizers/tags" },
      {
        "name": "SKUNAME",
        "kind": "Identity",
        "config": {
          "outwardFacingField": "/skuName",
          "inwardFacingFields": [ "skuName" ]
        }
      },
      {
        "name": "HOSTNAME",
        "kind": "Identity",
        "config": {
          "outwardFacingField": "/hostName",
          "inwardFacingFields": [ "hostName" ]
        }
      },
      {
        "name": "SSLPORT",
        "kind": "Identity",
        "config": {
          "outwardFacingField": "/sslPort",
          "inwardFacingFields": [ "sslPort" ]
        }
      }
    ]
  },
  "apiVersion": "2016-04-01",
  "viewDefinitions": [
    {
      "name": "redisConfigInstanceKnownOptions",
      "kind": "VerticalContainer",
      "config": {
        "controls": {
          "secretName": {
            "kind": "ConnectionString",
            "config": {
              "binding": "SecretName",
              "optionsBinding": "ConnectionStringOptions",
              "label": { "$ref": "strings:#/connectionSettingName" },
              "description": { "$ref": "strings:#/connectionStringNameDescription" },
              "isLoadingBinding": "AreConnectionStringOptionsLoading",
              "isReadOnlyBinding": "IsConfiguringSpecificSecretName"
            }
          }
        }
      }
    },
    {
      "name": "redisProvisionInstance",
      "kind": "VerticalContainer",
      "config": {
        "controls": {
          "Locations": {
            "kind": "ComboBox",
            "config": {
              "binding": "SelectedLocation",
              "itemsBinding": "AvailableLocations",
              "isLoadingBinding": "IsLoadingLocations",
              "label": { "$ref": "strings:#/locationDropDownName" },
              "description": { "$ref": "strings:#/locationDropDownDescription" },
              "isRequired": true,
              "displayPath": "DisplayName"
            }
          },
          "Api": {
            "kind": "ComboBox",
            "config": {
              "binding": "SelectedSku",
              "itemsBinding": "AvailableSkus",
              "label": { "$ref": "strings:#/redisSkuDropDownName" },
              "description": { "$ref": "strings:#/redisSkuDropDownDescription" },
              "isRequired": true,
              "displayPath": "displayName"
            }
          }
        }
      }
    }
  ],
  "modelDefinitions": [
    {
      "name": "redisConfiguredInstance",
      "properties": { "$ref": "/shared/configure.json#/configureCommonProperties" },
      "dataSources": { "$ref": "/shared/configure.json#/configureCommonDataSources" }
    },
    {
      "name": "redisProvisionInstance",
      "properties": {
        "commonProperties": { "$refmerge": "/shared/provision.json#/provisionCommonProperties" },
        "SelectedLocation": {
          "kind": "Custom",
          "modelType": "azure_location"
        },
        "AvailableLocations": {
          "kind": "List",
          "modelType": "azure_location"
        },
        "AvailableSkus": {
          "kind": "List",
          "modelType": "redisSku"
        },
        "SelectedSku": {
          "kind": "Custom",
          "modelType": "redisSku"
        },
        "IsLoadingLocations": {
          "kind": "Builtin",
          "dataType": "bool"
        },
        "contextProperties": { "$refmerge": "/shared/provision.json#/provisionContextProperties" }
      },
      "dataSources": {
        "resourceNameGenerator": {
          "kind": "ResourceNameGenerator",
          "outboundProperties": [ "ResourceName" ],
          "inboundProperties": [ "ResourceName", "LaunchParameters" ],
          "config": {
            "namingRules": { "$refmerge": "#/resourceNamingRules" },
            "nameWhenEmpty": "redis",
            "seedKeyName": "ProjectName",
            "suffix": "cache"
          }
        },
        "allowedLocations": {
          "kind": "Location",
          "inboundProperties": [ "SelectedSubscription" ],
          "outboundProperties": [ "AvailableLocations" ],
          "loadingStatusProperty": "IsLoadingLocations",
          "config": {
            "types": [ "Microsoft.Cache/Redis" ]
          }
        },
        "promoteLocation": {
          "kind": "PromoteProperty",
          "inboundProperties": [ "SelectedLocation" ],
          "outboundProperties": [ "Location" ],
          "config": {
            "subProperty": "DisplayName"
          }
        },
        "maintainSelectedLocation": {
          "kind": "PreserveOrSelectPreferredLocation",
          "inboundProperties": [ "AvailableLocations", "SelectedLocation", "LaunchParameters" ],
          "outboundProperties": [ "SelectedLocation" ],
          "config": {
            "preferredLocationKey": "PreferredLocation"
          }
        },
        "selectFirstApi": {
          "kind": "PreserveOrSelectFirst",
          "inboundProperties": [ "AvailableSkus", "SelectedSku" ],
          "outboundProperties": [ "SelectedSku" ],
          "config": {
          }
        },
        "skuChoices": {
          "kind": "Literal",
          "inboundProperties": [],
          "outboundProperties": [ "AvailableSkus" ],
          "config": {
            "literal": [
              {
                "name": "Basic",
                "displayName": { "$ref": "strings:#/redisSkuDisplayBasicC0" },
                "family": "C",
                "capacity": 0,
                "telemetryName": "BasicC0"
              },
              {
                "name": "Basic",
                "displayName": { "$ref": "strings:#/redisSkuDisplayBasicC1" },
                "family": "C",
                "capacity": 1,
                "telemetryName": "BasicC1"
              },
              {
                "name": "Basic",
                "displayName": { "$ref": "strings:#/redisSkuDisplayBasicC2" },
                "family": "C",
                "capacity": 2,
                "telemetryName": "BasicC2"
              },
              {
                "name": "Basic",
                "displayName": { "$ref": "strings:#/redisSkuDisplayBasicC3" },
                "family": "C",
                "capacity": 3,
                "telemetryName": "BasicC3"
              },
              {
                "name": "Basic",
                "displayName": { "$ref": "strings:#/redisSkuDisplayBasicC4" },
                "family": "C",
                "capacity": 4,
                "telemetryName": "BasicC4"
              },
              {
                "name": "Basic",
                "displayName": { "$ref": "strings:#/redisSkuDisplayBasicC5" },
                "family": "C",
                "capacity": 5,
                "telemetryName": "BasicC5"
              },
              {
                "name": "Basic",
                "displayName": { "$ref": "strings:#/redisSkuDisplayBasicC6" },
                "family": "C",
                "capacity": 6,
                "telemetryName": "BasicC6"
              },
              {
                "name": "Standard",
                "displayName": { "$ref": "strings:#/redisSkuDisplayStandardC0" },
                "family": "C",
                "capacity": 0,
                "telemetryName": "StandardC0"
              },
              {
                "name": "Standard",
                "displayName": { "$ref": "strings:#/redisSkuDisplayStandardC1" },
                "family": "C",
                "capacity": 1,
                "telemetryName": "StandardC1"
              },
              {
                "name": "Standard",
                "displayName": { "$ref": "strings:#/redisSkuDisplayStandardC2" },
                "family": "C",
                "capacity": 2,
                "telemetryName": "StandardC2"
              },
              {
                "name": "Standard",
                "displayName": { "$ref": "strings:#/redisSkuDisplayStandardC3" },
                "family": "C",
                "capacity": 3,
                "telemetryName": "StandardC3"
              },
              {
                "name": "Standard",
                "displayName": { "$ref": "strings:#/redisSkuDisplayStandardC4" },
                "family": "C",
                "capacity": 4,
                "telemetryName": "StandardC4"
              },
              {
                "name": "Standard",
                "displayName": { "$ref": "strings:#/redisSkuDisplayStandardC5" },
                "family": "C",
                "capacity": 5,
                "telemetryName": "StandardC5"
              },
              {
                "name": "Standard",
                "displayName": { "$ref": "strings:#/redisSkuDisplayStandardC6" },
                "family": "C",
                "capacity": 6,
                "telemetryName": "StandardC6"
              },
              {
                "name": "Premium",
                "displayName": { "$ref": "strings:#/redisSkuDisplayPremiumP1" },
                "family": "P",
                "capacity": 1,
                "telemetryName": "PremiumP1"
              },
              {
                "name": "Premium",
                "displayName": { "$ref": "strings:#/redisSkuDisplayPremiumP2" },
                "family": "P",
                "capacity": 2,
                "telemetryName": "PremiumP2"
              },
              {
                "name": "Premium",
                "displayName": { "$ref": "strings:#/redisSkuDisplayPremiumP3" },
                "family": "P",
                "capacity": 3,
                "telemetryName": "PremiumP3"
              },
              {
                "name": "Premium",
                "displayName": { "$ref": "strings:#/redisSkuDisplayPremiumP4" },
                "family": "P",
                "capacity": 4,
                "telemetryName": "PremiumP4"
              },
              {
                "name": "Premium",
                "displayName": { "$ref": "strings:#/redisSkuDisplayPremiumP5" },
                "family": "C",
                "capacity": 5,
                "telemetryName": "PremiumP5"
              }
            ]
          }
        }
      }
    },
    {
      "name": "redisSku",
      "properties": {
        "name": {
          "kind": "Builtin",
          "dataType": "string"
        },
        "displayName": {
          "kind": "Builtin",
          "dataType": "string"
        },
        "family": {
          "kind": "Builtin",
          "dataType": "string"
        },
        "capacity": {
          "kind": "Builtin",
          "dataType": "int"
        },
        "telemetryName": {
          "kind": "Builtin",
          "dataType": "string"
        }
      }
    }
  ],
  "resourceNamingRules": {
    "minLength": 3,
    "maxLength": 62,
    "allowedFirstChars": "A-Za-z",
    "allowedInteriorChars": "A-Za-z0-9-",
    "allowedFinalChars": "A-Za-z0-9",
    "bannedSequences": [ "--" ]
  }
}
