{
  "image": {
    "$ref": "images:#/aspireAzDevEnvironment"
  },
  "state": {
    "$ref": "/definitions/states.json#/aspire"
  },
  "isPublishable": true,
  "publishSettings": {
    "prePublish": [],
    "corePublish": [
      "build",
      "azDevDeploy"
    ],
    "postPublish": []
  },
  "globalCrudActions": [
    {
      "id": "refreshAzdEnvironment",
      "provider": "aspire"
    },
    {
      "id": "deleteAzdEnvironment",
      "provider": "aspire"
    }
  ],
  "sections": [
    {
      "id": "Settings",
      "displayName": {
        "$ref": "strings:#/environment"
      },
      "actions": [
        {
          "id": "refreshAzdEnvironment",
          "provider": "aspire"
        }
      ],
      "bodyModel": {
        "summaryEntries": [
          "AccountPicker",
          "AzdEnvironmentName",
          "SubscriptionFriendly",
          "AzdEnvironmentLocationFriendly",
          "AzdDotnetEnvironment"
        ]
      },
      "dynamicDataPoints": [
      ]
    },
    {
      "id": "AzdEnvironmentResources",
      "displayName": {
        "$ref": "strings:#/resources"
      },
      "dynamicDataPoints": []
    },
    {
      "id": "AzdEnvironmentServices",
      "displayName": {
        "$ref": "strings:#servicesSection"
      },
      "dynamicDataPoints": [
      ]
    }
  ],
  "dynamicData": [
    {
      "$refmerge": "/definitions/viewProperties.json#/AspireEnvironment_DynamicData"
    }
  ],
  "properties": {
    "NewProfileActionDisplayName": { "$ref": "strings:#/newEnvironment" },
    "NewProfileActionDescription": { "$ref": "strings:#/newEnvironment" },
    "OnPublishSuccessOpenUrlActionId": "openDeploymentInPortal",
    "OnPublishSuccessOpenUrlActionProviderId": "aspire",
    "OnPublishSuccessOpenUrlProperty": "DeploymentId",
    "OnPublishSuccessOpenUrlText": { "$ref": "strings:#/openInAzurePortal" }
  }
}
