{
  "image": {
    "$ref": "images:#/github"
  },
  "state": {
    "$ref": "/definitions/states.json#/yaml"
  },
  "isPublishable": false,
  "globalCrudActions": [
    {
      "$refmerge": "/definitions/viewProperties.json#/GitWorkflow_GlobalCrudActions"
    }
  ],
  "sections": [
    {
      "id": "Settings",
      "displayName": {
        "$ref": "strings:#/githubActionsWorkflow"
      },
      "bodyModel": {
        "summaryEntries": [
          "WorkflowTriggers",
          "SecretServicePrincipalContainerAppEnvironment",
          "SecretCredsContainerRegistry"
        ],
        "advancedAction": {
          "$ref": "/definitions/viewProperties.json#/GitWorkflow_GitHubActions_Settings_AdvancedAction"
        }
      },
      "actions": [
        {
          "$refmerge": "/definitions/viewProperties.json#/GitWorkflow_GitHubActions_Settings_Actions"
        }
      ]
    },
    {
      "id": "Settings",
      "displayName": {
        "$ref": "strings:#/settingsSection"
      },
      "bodyModel": {
        "summaryEntries": [
        ],
        "advancedAction": {
          "$ref": "/definitions/viewProperties.json#/GitWorkflow_Settings_AdvancedAction"
        }
      }
    },
    {
      "id": "Hosting",
      "displayName": {
        "$ref": "strings:#/hostingSection"
      },
      "actions": [
        {
          "id": "manageInAzurePortal",
          "provider": "azure"
        },
        {
          "id": "viewContainerApps",
          "provider": "azure"
        }
      ],
      "bodyModel": {
        "summaryEntries": [
          {
            "$refmerge": "/definitions/viewProperties.json#/GitWorkflow_Hosting_SummaryEntries"
          }
        ],
        "advancedLink": {
          "$ref": "/definitions/viewProperties.json#/GitWorkflow_Hosting_AdvancedLink"
        }
      }
    }
  ],
  "helpFwlinkId": 2144519,
  "dynamicData": [
    {
      "id": "workflowState",
      "kind": "viewStateTrigger",
      "runOnClient": true,
      "trigger": "StateInitializing",
      "order": 2
    },
    {
      "id": "githubServicePrincipalContainerAppEnvironment",
      "kind": "githubSecretExists",
      "runOnClient": true,
      "trigger": "Activate",
      "order": 3
    },
    {
      "id": "githubCredsContainerRegistry",
      "kind": "githubSecretExists",
      "runOnClient": true,
      "trigger": "Activate",
      "order": 4
    },
    {
      "id": "azureSite",
      "kind": "azureSiteFetched",
      "runOnClient": true,
      "trigger": "Activate",
      "order": 1
    }
  ],
  "properties": {
    "azcli": { "$refmerge": "/definitions/properties.json#/AzCliContainerAppEnvironment" },
    "github_serviceprincipal_help_description": { "$ref": "strings:#/github_serviceprincipal_help_description" },
    "github_serviceprincipal_help_fwlink": 2153449
  }
}
