{
  "image": {
    "$ref": "images:#/github"
  },
  "state": {
    "$ref": "/definitions/states.json#/yaml"
  },
  "isPublishable": false,
  "globalCrudActions": [
    {
      "$refmerge": "/definitions/viewProperties.json#/GitWorkflow_GlobalCrudActions"
    },
    {
      "id": "restore",
      "provider": "default"
    }
  ],
  "sections": [
    {
      "id": "Settings",
      "displayName": {
        "$ref": "strings:#/githubActionsWorkflow"
      },
      "bodyModel": {
        "summaryEntries": [
          "WorkflowTriggers",
          "SecretServicePrincipalStaticWebApp"
        ],
        "advancedAction": {
          "$ref": "/definitions/viewProperties.json#/GitWorkflow_GitHubActions_Settings_AdvancedAction"
        }
      },
      "actions": [
        {
          "$refmerge": "/definitions/viewProperties.json#/GitWorkflow_GitHubActions_Settings_Actions"
        }
      ]
    },
    {
      "$ref": "/definitions/viewProperties.json#/GitWorkflow_StaticWebApp_Settings"
    },
    {
      "$ref": "/definitions/viewProperties.json#/GitWorkflow_StaticWebApp_Hosting"
    }
  ],
  "dynamicData": [
    {
      "id": "workflowState",
      "kind": "viewStateTrigger",
      "runOnClient": true,
      "trigger": "Poll",
      "pollingTime": 5,
      "order": 4
    },
    {
      "id": "githubServicePrincipalStaticWebApp",
      "kind": "githubSecretExists",
      "runOnClient": true,
      "trigger": "Activate",
      "order": 5
    },
    {
      "id": "azureSite",
      "kind": "azureSiteFetched",
      "runOnClient": true,
      "trigger": "Activate",
      "order": 1
    },
    {
      "id": "azureSite",
      "kind": "azureSiteFetchedDependency",
      "runOnClient": true,
      "trigger": "Activate",
      "order": 3
    },
    {
      "id": "staticWebAppSite",
      "kind": "staticWebAppSiteFetched",
      "runOnClient": true,
      "trigger": "Activate",
      "order": 2
    }
  ],
  "properties": {
    "azcli": { "$refmerge": "/definitions/properties.json#/AzCliStaticWebApp" },
    "github_serviceprincipal_help_description": { "$ref": "strings:#/github_serviceprincipal_help_description" },
    "github_serviceprincipal_help_fwlink": 2153449
  }
}
