{
  "image": {
    "$ref": "images:#/azureAppService"
  },
  "state": {
    "$ref": "/definitions/states.json#/pubxml"
  },
  "isPublishable": true,
  "publishSettings": {
    "prePublish": [
      "getAzureADCreds",
      "profileHasCreds",
      "setLinuxWebJobProperties"
    ]
  },
  "globalCrudActions": [
    {
      "id": "edit",
      "provider": "editableProfile"
    },
    {
      "id": "rename",
      "provider": "default"
    },
    {
      "id": "delete",
      "provider": "default"
    },
    {
      "id": "restore",
      "provider": "default"
    },
    {
      "id": "preview",
      "provider": "default"
    }
  ],
  "sections": [
    {
      "id": "Settings",
      "displayName": {
        "$ref": "strings:#/settingsSection"
      },
      "bodyModel": {
        "summaryEntries": [
          "LastUsedBuildConfiguration",
          "TargetRuntime"
        ],
        "advancedAction": {
          "base": {
            "$refmerge": "/definitions/actions.json#/showAll"
          },
          "provider": "editableProfile"
        }
      }
    },
    {
      "id": "Hosting",
      "displayName": {
        "$ref": "strings:#/hostingSection"
      },
      "actions": [
        {
          "id": "appServiceSettings",
          "provider": "azure"
        },
        {
          "id": "manageInAzurePortal",
          "provider": "azure"
        },
        {
          "id": "attachDebugger",
          "provider": "azure"
        },
        {
          "id": "viewStreamingLogs",
          "provider": "azure"
        },
        {
          "id": "startApplication",
          "provider": "azure"
        },
        {
          "id": "stopApplication",
          "provider": "azure"
        },
        {
          "id": "downloadPublishProfile",
          "provider": "azure"
        },
        {
          "id": "openTroubleshootingGuide",
          "provider": "default"
        }
      ],
      "bodyModel": {
        "summaryEntries": [
          "AccountPicker",
          "SubscriptionFromResourceId",
          "ResourceGroupFromResourceId",
          "ResourceNameFromResourceId",
          "WebJobName",
          "WebJobType"
        ],
        "advancedLink": {
          "displayName": {
            "$ref": "strings:#/site"
          },
          "propertyName": "SiteUrlToLaunchAfterPublish"
        }
      },
      "dynamicDataPoints": [
        "azureSiteFetched"
      ]
    },
    {
      "id": "Dependencies",
      "displayName": {
        "$ref": "strings:#serviceDependenciesSection"
      },
      "dynamicDataPoints": [
        "azureSiteFetchedDependency"
      ]
    }
  ],
  "dynamicData": [
    {
      "id": "azureSite",
      "kind": "azureSiteFetched",
      "runOnClient": true,
      "trigger": "Activate",
      "order": 1
    },
    {
      "id": "azureSite",
      "kind": "azureSiteFetchedDependency",
      "runOnClient": true,
      "trigger": "Activate",
      "order": 2
    }
  ],
  "properties": {
    "OnPublishSuccessSiteOpenUrlProperties": {
      "$refmerge": "/definitions/viewProperties.json#/OnPublishSuccessSiteOpenUrlProperties"
    }
  },
  "helpFwlinkId": 865438
  }
