{
  "image": {
    "$ref": "images:#/azureStaticApps"
  },
  "state": {
    "$ref": "/definitions/states.json#/pubxml"
  },
  "isPublishable": true,
  "publishSettings": {
    "prePublish": [
      "swaCliLogin"
    ],
    "postPublish": [
      "swaCliDeploy",
      "swaShowSiteUrlInBrowser"
    ]
  },
  "globalCrudActions": [
    {
      "id": "edit",
      "provider": "azure"
    },
    {
      "id": "rename",
      "provider": "default"
    },
    {
      "id": "delete",
      "provider": "default"
    },
    {
      "id": "restore",
      "provider": "default"
    }
  ],
  "sections": [
    {
      "id": "Settings",
      "displayName": {
        "$ref": "strings:#/settingsSection"
      },
      "bodyModel": {
        "summaryEntries": [
          "OutputLocation"
        ],
        "advancedAction": {
          "base": {
            "$refmerge": "/definitions/actions.json#/showAll"
          },
          "provider": "azure"
        }
      }
    },
    {
      "id": "Hosting",
      "displayName": {
        "$ref": "strings:#/hostingSection"
      },
      "actions": [
        {
          "id": "manageInAzurePortal",
          "provider": "azure"
        }
      ],
      "bodyModel": {
        "summaryEntries": [
          "AccountPicker",
          "SubscriptionFromResourceId",
          "ResourceGroupFromResourceId",
          "ResourceNameFromResourceId",
          "Source",
          "Environment"
        ],
        "advancedLink": {
          "displayName": {
            "$ref": "strings:#/site"
          },
          "propertyName": "SiteUrlToLaunchAfterPublish"
        }
      },
      "dynamicDataPoints": [
        "staticWebAppSiteFetched"
      ]
    }
  ],
  "dynamicData": [
    {
      "id": "staticWebAppSite",
      "kind": "staticWebAppSiteFetched",
      "runOnClient": true,
      "trigger": "Activate",
      "order": 1
    },
    {
      "id": "staticWebAppCli",
      "kind": "message",
      "runOnClient": true,
      "trigger": "Activate",
      "order": 2
    }
  ],
  "properties": {
    "OnPublishSuccessSiteOpenUrlProperties": {
      "$refmerge": "/definitions/viewProperties.json#/OnPublishSuccessSiteOpenUrlProperties"
    }
  }
}
