{
  "image": {
    "$ref": "images:#/github"
  },
  "state": {
    "$ref": "/definitions/states.json#/yaml"
  },
  "dynamicData": [
    {
      "$refmerge": "/definitions/viewProperties.json#/GitWorkflow_DynamicData"
    },
    {
      "id": "githubServicePrincipalApiM",
      "kind": "githubSecretExists",
      "runOnClient": true,
      "trigger": "Activate"
    }
  ],
  "isPublishable": false,
  "globalCrudActions": [
    {
      "$refmerge": "/definitions/viewProperties.json#/GitWorkflow_GlobalCrudActions"
    }
  ],
  "sections": [
    {
      "id": "Settings",
      "displayName": {
        "$ref": "strings:#/githubActionsWorkflow"
      },
      "bodyModel": {
        "summaryEntries": [
          "WorkflowTriggers",
          "SecretServicePrincipalApiManagement"
        ],
        "advancedAction": {
          "$ref": "/definitions/viewProperties.json#/GitWorkflow_GitHubActions_Settings_AdvancedAction"
        }
      },
      "actions": [
        {
          "$refmerge": "/definitions/viewProperties.json#/GitWorkflow_GitHubActions_Settings_Actions"
        }
      ]
    },
    {
      "$ref": "/definitions/viewProperties.json#/GitWorkflow_Settings"
    },
    {
      "id": "Hosting",
      "displayName": {
        "$ref": "strings:#/hostingSection"
      },
      "actions": [
        {
          "$refmerge": "/definitions/viewProperties.json#/GitWorkflow_Hosting_Actions"
        }
      ],
      "bodyModel": {
        "summaryEntries": [
          {
            "$refmerge": "/definitions/viewProperties.json#/GitWorkflow_Hosting_SummaryEntries"
          },
          "ApiManagementApiName"
        ],
        "advancedLink": {
          "$ref": "/definitions/viewProperties.json#/GitWorkflow_Hosting_AdvancedLink"
        }
      },
      "dynamicDataPoints": [
        {
          "$refmerge": "/definitions/viewProperties.json#/GitWorkflow_Hosting_DynamicDataPoints"
        }
      ]
    },
    {
      "$ref": "/definitions/viewProperties.json#/GitWorkflow_Dependencies"
    }
  ],
  "properties": {
    "azcli": { "$refmerge": "/definitions/properties.json#/AzCliAppServiceApiM" },
    "github_secret_help_description": { "$ref": "strings:#/github_secret_help_description" },
    "github_secret_help_fwlink": 2155122,
    "github_serviceprincipal_help_description": { "$ref": "strings:#/github_serviceprincipal_help_description" },
    "github_serviceprincipal_help_fwlink": 2153671
  },
  "helpFwlinkId": 865438
}
