{
  "image": {
    "$ref": "images:#/github"
  },
  "state": {
    "$ref": "/definitions/states.json#/yaml"
  },
  "dynamicData": [
    {
      "$refmerge": "/definitions/viewProperties.json#/GitWorkflow_DynamicData"
    },
    {
      "id": "githubServicePrincipalWebsite",
      "kind": "githubSecretExists",
      "runOnClient": true,
      "trigger": "Activate"
    }
  ],
  "isPublishable": false,
  "globalCrudActions": [
    {
      "$refmerge": "/definitions/viewProperties.json#/GitWorkflow_GlobalCrudActions"
    },
    {
      "id": "restore",
      "provider": "default"
    }
  ],
  "sections": [
    {
      "$ref": "/definitions/viewProperties.json#/GitWorkflow_GitHubActions_Settings"
    },
    {
      "$ref": "/definitions/viewProperties.json#/GitWorkflow_Settings"
    },
    {
      "$ref": "/definitions/viewProperties.json#/GitWorkflow_Hosting"
    },
    {
      "$ref": "/definitions/viewProperties.json#/GitWorkflow_Dependencies"
    }
  ],
  "properties": {
    "azcli": { "$refmerge": "/definitions/properties.json#/AzCliWebsite" },
    "github_serviceprincipal_help_description": { "$ref": "strings:#/github_serviceprincipal_help_description" },
    "github_serviceprincipal_help_fwlink": 2153449,
    "SkipProfileUpdateAfterRestore": "true"
  },
  "helpFwlinkId": 865438
}
