{
  "base": {
    "$refmerge": "/profileconfigs/view/azureContainerAppLinux.Base.json#/"
  },
  "state": {
    "$ref": "/definitions/states.json#/pubxmlContainers"
  },
  "publishSettings": {
    "prePublish": [
      "checkContainerPrereq"
    ],
    "postPublish": [
      "containerAppsDeploy"
    ]
  },
  "dynamicData": [
    {
      "id": "azureSite",
      "kind": "azureSiteFetched",
      "runOnClient": true,
      "trigger": "Activate",
      "order": 1
    },
    {
      "id": "azureSite",
      "kind": "azureSiteFetchedDependency",
      "runOnClient": true,
      "trigger": "Activate",
      "order": 2
    }
  ]
}
