{
  "image": {
    "$ref": "/definitions/viewProperties.json#/DockerContainerRegistry_Image"
  },
  "state": {
    "$ref": "/definitions/states.json#/pubxmlDotNetSdkContainers"
  },
  "isPublishable": true,
  "publishSettings": {
    "$ref": "/definitions/viewProperties.json#/NetSdkContainerRegistry_PublishSettings"
  },
  "globalCrudActions": [
    {
      "$refmerge": "/definitions/viewProperties.json#/DockerContainerRegistry_GlobalCrudActions"
    }
  ],
  "sections": [
    {
      "$refmerge": "/definitions/viewProperties.json#/DockerContainerRegistry_Sections"
    }
  ],
  "dynamicData": [
    {
      "$refmerge": "/definitions/viewProperties.json#/NetSdkContainerRegistry_DynamicData"
    }
  ],
  "properties": {}
}
