{
  "base": {
    "$refmerge": "/profileconfigs/view/azureContainerAppLinux.Base.json#/"
  },
  "state": {
    "$ref": "/definitions/states.json#/pubxmlDotNetSdkContainers"
  },
  "publishSettings": {
    "prePublish": [
      {
        "$refmerge": "/definitions/viewProperties.json#/NetSdkContainerRegistry_PublishSettings_Prepublish"
      },
      "containerRegistryImageTag"
    ],
    "postPublish": [
      "netSdkContainerAppsDeploy",
      "showSiteUrlInBrowser",
      "warmupSite"
    ]
  },
  "dynamicData": [
    {
      "$refmerge": "/definitions/viewProperties.json#/NetSdkContainerRegistry_DynamicData"
    },
    {
      "id": "azureSite",
      "kind": "azureSiteFetched",
      "runOnClient": true,
      "trigger": "Activate",
      "order": 1
    },
    {
      "id": "azureSite",
      "kind": "azureSiteFetchedDependency",
      "runOnClient": true,
      "trigger": "Activate",
      "order": 2
    }
  ],
  "properties": {
    "$ref": "/profileconfigs/view/azureContainerAppLinux.web.json#/properties"
  }
}
