{
  "image": {
    "$ref": "/definitions/viewProperties.json#/AzureContainerRegistry_Image"
  },
  "state": {
    "$ref": "/definitions/states.json#/pubxmlDotNetSdkContainers"
  },
  "isPublishable": true,
  "publishSettings": {
    "$ref": "/definitions/viewProperties.json#/NetSdkContainerRegistry_PublishSettings"
  },
  "globalCrudActions": [
    {
      "$refmerge": "/definitions/viewProperties.json#/AzureContainerRegistry_GlobalCrudActions"
    }
  ],
  "sections": [
    {
      "$refmerge": "/definitions/viewProperties.json#/AzureContainerRegistry_Sections"
    }
  ],
  "dynamicData": [
    {
      "$refmerge": "/definitions/viewProperties.json#/AzureContainerRegistry_DynamicData"
    },
    {
      "id": "containerPublishDockerfileDetectedMessage",
      "kind": "message",
      "runOnClient": true,
      "trigger": "Activate",
      "order": 3
    }
  ],
  "properties": {}
}
