{
  "model": {
    "id": "AspireAzDevEnvironment",
    "name": {
      "$ref": "strings:#/aspireAcaAzDevEnvironmentTargetName"
    },
    "description": {
      "$ref": "strings:#/aspireAcaAzDevEnvironmentTragetDescription"
    },
    "image": {
      "$ref": "images:#/aspireAzDevEnvironment"
    },
    "displayOrder": 1100,
    "categoryIDs": [
      "AspireAzDev"
    ]
  },
  "appliesTo": [
    {
      "when": {
         "$ref": "/definitions/conditions.json#/isAspire"
      },
      "config": "aspireAzDevEnvironment",
      "viewConfig": "aspireAzDevEnvironment"
    }
  ]
}
