{
  "model": {
    "id": "AzureFunctionAppContainerLinux",
    "name": {
      "$ref": "strings:#/azureFunctionAppContainerLinuxTargetName"
    },
    "description": {
      "$ref": "strings:#/azureFunctionAppContainerLinuxTargetDescription"
    },
    "image": {
      "$ref": "images:#/azureFunctionApp"
    },
    "displayOrder": 1200,
    "categoryIDs": [
      "Azure"
    ]
  },
  "appliesTo": [
    {
      "when": {
        "$ref": "/definitions/conditions.json#/isNotContainerRegistrySupported"
      }
    },
    {
      "when": {
        "kind": "and",
        "operands": [
          { "$ref": "/definitions/conditions.json#/isAzureFunctionLinuxSupported" },
          { "$ref": "/definitions/conditions.json#/functionAppCanHaveApi" }
        ]
      },
      "config": "azureFunctionAppContainerLinuxWithApi",
      "viewConfig": "azureFunctionContainer"
    },
    {
      "when": {
        "$ref": "/definitions/conditions.json#/isAzureFunctionLinuxSupported"
      },
      "config": "azureFunctionAppContainerLinux",
      "viewConfig": "azureFunctionContainer"
    }
  ]
}
