{
  "model": {
    "id": "AzureSpringCloudSteelToe",
    "name": {
      "$ref": "strings:#/azureSpringCloudSteelToeTargetName"
    },
    "description": {
      "$ref": "strings:#/azureSpringCloudSteelToeTargetDescription"
    },
    "image": {
      "$ref": "images:#/azureSpringCloud"
    },
    "displayOrder": 1090,
    "categoryIDs": [
      "Azure"
    ]
  },
  "appliesTo": [
    {
      "when": {
        "kind": "and",
        "operands": [
          { "$ref": "/definitions/conditions.json#/canGithubActionToSpringCloud" },
          { "$ref": "/definitions/conditions.json#/isPublishModeEnabled" }
        ]
      },
      "config": "azureSpringCloudSteelToeWithPublishMode",
      "viewConfig": "azureSpringCloudSteelToe"
    },
    {
      "when": {
        "$ref": "/definitions/conditions.json#/canPublishToSpringCloud"
      },
      "config": "azureSpringCloudSteelToe",
      "viewConfig": "azureSpringCloudSteelToe"
    }
  ]
}
