{
  "model": {
    "id": "AzureFunctionApp",
    "name": {
      "$ref": "strings:#/azureFunctionAppTargetName"
    },
    "description": {
      "$ref": "strings:#/azureFunctionAppTargetDescription"
    },
    "image": {
      "$ref": "images:#/azureFunctionApp"
    },
    "displayOrder": 1100,
    "categoryIDs": [
      "Azure"
    ]
  },
  "appliesTo": [
    {
      "when": {
        "kind": "and",
        "operands": [
          { "$ref": "/definitions/conditions.json#/isAzureFunction" },
          { "$ref": "/definitions/conditions.json#/functionAppCanHaveApi" },
          { "$ref": "/definitions/conditions.json#/isPublishModeEnabled" }
        ]
      },
      "config": "azureFunctionAppWithApiPublishMode",
      "viewConfig": "azureFunctionApp"
    },
    {
      "when": {
        "kind": "and",
        "operands": [
          { "$ref": "/definitions/conditions.json#/isAzureFunction" },
          { "$ref": "/definitions/conditions.json#/isPublishModeEnabled" },
          {
            "kind": "not",
            "operand": {
              "$ref": "/definitions/conditions.json#/isWizardEditMode"
            }
          }
        ]
      },
      "config": "azureFunctionAppWithPublishMode",
      "viewConfig": "azureFunctionApp"
    },
    {
      "when": {
        "kind": "and",
        "operands": [
          { "$ref": "/definitions/conditions.json#/isAzureFunction" },
          { "$ref": "/definitions/conditions.json#/functionAppCanHaveApi" }
        ]
      },
      "config": "azureFunctionAppWithApi",
      "viewConfig": "azureFunctionApp"
    },
    {
      "when": {
        "$ref": "/definitions/conditions.json#/isAzureFunction"
      },
      "config": "azureFunctionApp",
      "viewConfig": "azureFunctionApp"
    }
  ]
}
