{
  "model": {
    "id": "AzureContainerAppGitWorkflowLinux",
    "name": {
      "$ref": "strings:#/azureContainerAppLinuxTargetName"
    },
    "description": {
      "$ref": "strings:#/azureContainerAppLinuxTargetDescription"
    },
    "image": {
      "$ref": "images:#/azureContainerAppLinux"
    },
    "displayOrder": 1030,
    "selectionEvaluators": [
      "DockerOnLinux"
    ],
    "categoryIDs": [
      "Azure"
    ]
  },
  "appliesTo": [
    {
      "when": {
        "$ref": "/definitions/conditions.json#/isMauiProject"
      }
    },
    {
      "when": {
        "$ref": "/definitions/conditions.json#/isSolutionLevelOperation"
      },
      "viewConfig": "azureContainerAppGitWorkflowLinux.web"
    },
    {
      "when": {
        "$ref": "/definitions/conditions.json#/isDotNetCoreWorker"
      },
      "viewConfig": "azureContainerAppGitWorkflowLinux.console"
    },
    {
      "when": {
        "$ref": "/definitions/conditions.json#/isDotNetCoreWeb"
      },
      "viewConfig": "azureContainerAppGitWorkflowLinux.web"
    }
  ]
}
