{
  "model": {
    "id": "AzureSpringCloudSteelToeGitWorkflow",
    "name": {
      "$ref": "strings:#/azureSpringCloudSteelToeTargetName"
    },
    "description": {
      "$ref": "strings:#/azureSpringCloudSteelToeTargetDescription"
    },
    "image": {
      "$ref": "images:#/azureSpringCloud"
    },
    "displayOrder": 1090,
    "categoryIDs": [
      "Azure"
    ]
  },
  "appliesTo": [
    {
      "when": {
        "$ref": "/definitions/conditions.json#/always"
      },
      "viewConfig": "azureSpringCloudSteelToeGitWorkflow"
    }
  ]
}
