{
  "model": {
    "id": "AzureWebJobs",
    "name": {
      "$ref": "strings:#/azureWebJobsTargetName"
    },
    "description": {
      "$ref": "strings:#/azureWebJobsTargetDescription"
    },
    "image": {
      "$ref": "images:#/azureAppService"
    },
    "displayOrder": 1090,
    "categoryIDs": [
      "Azure"
    ]
  },
  "appliesTo": [
    {
      "when": {
        "$ref": "/definitions/conditions.json#/isAspire"
      }
    },
    {
      "when": {
        "$ref": "/definitions/conditions.json#/isConsoleWebJob"
      },
      "config": "azureWebJobs",
      "viewConfig": "azureWebJob"
    }
  ]
}
