{
  "model": {
    "id": "AzureWebJobsLinux",
    "name": {
      "$ref": "strings:#/azureWebJobsLinuxTargetName"
    },
    "description": {
      "$ref": "strings:#/azureWebJobsLinuxTargetDescription"
    },
    "image": {
      "$ref": "images:#/azureAppService"
    },
    "displayOrder": 1090,
    "categoryIDs": [
      "Azure"
    ]
  },
  "appliesTo": [
    {
      "when": {
        "$ref": "/definitions/conditions.json#/isAspire"
      }
    },
    {
      "when": {
        "kind": "and",
        "operands": [
          { "$ref": "/definitions/conditions.json#/isConsoleWebJob" },
          { "$ref": "/definitions/conditions.json#/isDotNetCore" }
        ]

      },
      "config": "azureWebJobsLinux",
      "viewConfig": "azureWebJob"
    }
  ]
}
