{
  "model": {
    "id": "AzureContainerAppLinux",
    "name": {
      "$ref": "strings:#/azureContainerAppLinuxTargetName"
    },
    "description": {
      "$ref": "strings:#/azureContainerAppLinuxTargetDescription"
    },
    "image": {
      "$ref": "images:#/azureContainerAppLinux"
    },
    "displayOrder": 1030,
    "selectionEvaluators": [
      "DockerOnLinux"
    ],
    "categoryIDs": [
      "Azure"
    ]
  },
  "appliesTo": [
    {
      "when": {
        "$ref": "/definitions/conditions.json#/isSolutionLevelOperation"
      },
      "config": "azureContainerAppLinuxSolution",
      "viewConfig": "azureContainerAppGitWorkflowLinux.web"
    },
    {
      "when": {
        "$ref": "/definitions/conditions.json#/isMauiProject"
      }
    },
    {
      "when": {
        "kind": "and",
        "operands": [
          { "$ref": "/definitions/conditions.json#/isDotNetCoreWorker" },
          { "$ref": "/definitions/conditions.json#/isPublishModeEnabled" },
          {
            "kind": "not",
            "operand": {
              "$ref": "/definitions/conditions.json#/isBlazorWASM"
            }
          }
        ]
      },
      "config": "azureContainerAppLinuxWithPublishMode",
      "viewConfig": "azureContainerAppLinux.console"
    },
    {
      "when": {
        "kind": "and",
        "operands": [
          { "$ref": "/definitions/conditions.json#/isDotNetCoreWeb" },
          { "$ref": "/definitions/conditions.json#/isPublishModeEnabled" },
          {
            "kind": "not",
            "operand": {
              "$ref": "/definitions/conditions.json#/isBlazorWASM"
            }
          }
        ]
      },
      "config": "azureContainerAppLinuxWithPublishMode",
      "viewConfig": "azureContainerAppLinux.web"
    },
    {
      "when": {
        "kind": "and",
        "operands": [
          { "$ref": "/definitions/conditions.json#/isDotNetCoreWorker" },
          {
            "kind": "not",
            "operand": {
              "$ref": "/definitions/conditions.json#/isBlazorWASM"
            }
          }
        ]
      },
      "config": "azureContainerAppLinux",
      "viewConfig": "azureContainerAppLinux.console"
    },
    {
      "when": {
        "kind": "and",
        "operands": [
          { "$ref": "/definitions/conditions.json#/isDotNetCoreWeb" },
          {
            "kind": "not",
            "operand": {
              "$ref": "/definitions/conditions.json#/isBlazorWASM"
            }
          }
        ]
      },
      "config": "azureContainerAppLinux",
      "viewConfig": "azureContainerAppLinux.web"
    }
  ]
}
