{
  "model": {
    "id": "AzureFunctionAppWindows",
    "name": {
      "$ref": "strings:#/azureFunctionAppTargetName"
    },
    "description": {
      "$ref": "strings:#/azureFunctionAppTargetDescription"
    },
    "image": {
      "$ref": "images:#/azureFunctionApp"
    },
    "displayOrder": 1100,
    "categoryIDs": [
      "Azure"
    ]
  },
  "appliesTo": [
    {
      "when": {
        "$ref": "/definitions/conditions.json#/always"
      },
      "viewConfig": "azureFunctionApp"
    }
  ]
}
