{
  "model": {
    "id": "AzureAppServiceLinux",
    "name": {
      "$ref": "strings:#/azureAppServiceLinuxTargetName"
    },
    "description": {
      "$ref": "strings:#/azureAppServiceLinuxTargetDescription"
    },
    "image": {
      "$ref": "images:#/azureAppService"
    },
    "displayOrder": 1150,
    "selectionEvaluators": [
      "GrpcPackage"
    ],
    "categoryIDs": [
      "Azure"
    ]
  },
  "appliesTo": [
    {
      "when": {
        "kind": "and",
        "operands": [
          { "$ref": "/definitions/conditions.json#/appServiceCanHaveApi" },
          { "$ref": "/definitions/conditions.json#/isPublishModeEnabled" },
          {
            "kind": "not",
            "operand": {
              "$ref": "/definitions/conditions.json#/isBlazorWASM"
            }
          }
        ]
      },
      "config": "azureAppServiceLinuxWithApiPublishMode",
      "viewConfig": "azureAppService"
    },
    {
      "when": {
        "kind": "and",
        "operands": [
          { "$ref": "/definitions/conditions.json#/appServiceCanHaveApi" },
          {
            "kind": "not",
            "operand": {
              "$ref": "/definitions/conditions.json#/isBlazorWASM"
            }
          }
        ]
      },
      "config": "azureAppServiceLinuxWithApi",
      "viewConfig": "azureAppService"
    },
    {
      "when": {
        "kind": "and",
        "operands": [
          { "$ref": "/definitions/conditions.json#/allDotNetCoreWebProjects" },
          { "$ref": "/definitions/conditions.json#/isPublishModeEnabled" },
          {
            "kind": "not",
            "operand": {
              "$ref": "/definitions/conditions.json#/isBlazorWASM"
            }
          },
          {
            "kind": "not",
            "operand": {
              "$ref": "/definitions/conditions.json#/isWizardEditMode"
            }
          }
        ]
      },
      "config": "azureAppServiceLinuxWithPublishMode",
      "viewConfig": "azureAppService"
    },
    {
      "when": {
        "kind": "and",
        "operands": [
          { "$ref": "/definitions/conditions.json#/allDotNetCoreWebProjects" },
          {
            "kind": "not",
            "operand": {
              "$ref": "/definitions/conditions.json#/isBlazorWASM"
            }
          }
        ]
      },
      "config": "azureAppServiceLinux",
      "viewConfig": "azureAppService"
    }
  ]
}
