{
  "model": {
    "id": "DockerContainerRegistry",
    "name": {
      "$ref": "strings:#/dockerContainerRegistryTargetName"
    },
    "description": {
      "$ref": "strings:#/dockerContainerRegistryTargetDescription"
    },
    "image": {
      "$ref": "images:#/dockerContainerRegistry"
    },
    "displayOrder": 2100,
    "categoryIDs": [
      "ContainerRegistry"
    ]
  },
  "appliesTo": [
    {
      "when": {
        "kind": "or",
        "operands": [
          { "$ref": "/definitions/conditions.json#/isMauiProject" },
          { "$ref": "/definitions/conditions.json#/isAspire" }
        ]
      }
    },
    {
      "when": {
        "$ref": "/definitions/conditions.json#/isDotNetApp"
      },
      "config": "dockerContainerRegistry",
      "viewConfig": "dockerContainerRegistry"
    }
  ]
}
