{
  "model": {
    "id": "NetSDKDockerConsoleContainerRegistry",
    "name": {
      "$ref": "strings:#/dockerContainerRegistryTargetName"
    },
    "description": {
      "$ref": "strings:#/dockerContainerRegistryTargetDescription"
    },
    "image": {
      "$ref": "images:#/dockerContainerRegistry"
    },
    "displayOrder": 2100,
    "categoryIDs": [
      "ContainerRegistry"
    ]
  },
  "appliesTo": [
    {
      "when": {
        "$ref": "/definitions/conditions.json#/always"
      },
      "viewConfig": "netSdkContainerRegistry.console"
    }
  ]
}
