{
  "model": {
    "id": "NetSDKAzureContainerRegistry",
    "name": {
      "$ref": "strings:#/azureContainerRegistryTargetName"
    },
    "description": {
      "$ref": "strings:#/azureContainerRegistryTargetDescription"
    },
    "image": {
      "$ref": "images:#/azureContainerRegistry"
    },
    "displayOrder": 1300,
    "categoryIDs": [
      "Azure",
      "ContainerRegistry"
    ]
  },
  "appliesTo": [
    {
      "when": {
        "$ref": "/definitions/conditions.json#/always"
      },
      "viewConfig": "netSdkAzureContainerRegistry"
    }
  ]
}
