{
  "parameterNamePrefix": "containerApps_",
  "parameterGenerationStartData": {
    "parameters": [
      {
        "name": "locationId",
        "parameterType": "string",
        "safeInParametersFile": true
      },
      {
        "name": "containerName",
        "parameterType": "string",
        "safeInParametersFile": true
      },
      {
        "name": "managedEnvironmentName",
        "parameterType": "string",
        "safeInParametersFile": true
      },
      {
        "name": "managedEnvironmentResourceGroupName",
        "parameterType": "string",
        "safeInParametersFile": true
      }
    ]
  },
  "parameterGenerationMap": {
    "name": "containerAppsParameterGeneration",
    "splitters": [
      {
        "name": "ENTITYNAMEREPEATER",
        "kind": "IdentityRepeater",
        "config": {
          "outwardFacingField": "/ResourceName",
          "inwardFacingFields": [ "entityName1", "entityName2", "entityName3", "entityName4" ],
          "innerAtomizers": [
            {
              "name": "ENTITYNAME1",
              "kind": "Identity",
              "config": {
                "outwardFacingField": "/ResourceName",
                "inwardFacingFields": [ "entityName1" ]
              }
            },
            {
              "name": "ENTITYNAME2",
              "kind": "Identity",
              "config": {
                "outwardFacingField": "/ResourceName",
                "inwardFacingFields": [ "entityName2" ]
              }
            },
            {
              "name": "ENTITYNAME3",
              "kind": "Identity",
              "config": {
                "outwardFacingField": "/ResourceName",
                "inwardFacingFields": [ "entityName3" ]
              }
            },
            {
              "name": "ENTITYNAME4",
              "kind": "Identity",
              "config": {
                "outwardFacingField": "/ResourceName",
                "inwardFacingFields": [ "entityName4" ]
              }
            }
          ]
        }
      },
      {
        "name": "LOCATIONID",
        "kind": "Identity",
        "config": {
          "outwardFacingField": "/SelectedManagedEnvironmentSerialized/location",
          "inwardFacingFields": [ "locationId" ]
        }
      },
      {
        "name": "CONTAINERNAME",
        "kind": "Identity",
        "config": {
          "inwardFacingFields": [ "containerName" ],
          "outwardFacingField": "/ContainerName"
        }
      },
      {
        "name": "MANAGEDENVIRONMENTNAME",
        "kind": "Identity",
        "config": {
          "inwardFacingFields": [ "managedEnvironmentName" ],
          "outwardFacingField": "/SelectedManagedEnvironmentSerialized/name"
        }
      },
      {
        "name": "MANAGEDENVIRONMENTRESOURCEGROUPNAME",
        "kind": "Identity",
        "config": {
          "inwardFacingFields": [ "managedEnvironmentResourceGroupName" ],
          "outwardFacingField": "/SelectedManagedEnvironmentSerialized/resourceGroupName"
        }
      },
      {
        "name": "HASPROVISIONALMANAGEDENVIRONMENTSREPEATED",
        "kind": "IdentityRepeater",
        "config": {
          "outwardFacingField": "/SelectedManagedEnvironmentSerialized/IsProvisional",
          "inwardFacingFields": [ "hasProvisionalManagedEnvironment", "omitsManagedEnvironmentsResourceGroupParam" ],
          "innerAtomizers": [
            {
              "name": "HASPROVISIONALMANAGEDENVIRONMENT",
              "kind": "Identity",
              "config": {
                "outwardFacingField": "/SelectedManagedEnvironmentSerialized/IsProvisional",
                "inwardFacingFields": [ "hasProvisionalManagedEnvironment" ]
              }
            },
            {
              "name": "OMITSMANAGEDENVIRONMENTSRESOURCEGROUPPARAM",
              "kind": "ConvertToBool",
              "config": {
                "outwardFacingField": "/SelectedManagedEnvironmentSerialized/IsProvisional",
                "inwardFacingFields": [ "omitsManagedEnvironmentsResourceGroupParam" ]
              }
            }
          ]
        }
      }
    ],
    "transforms": [
      {
        "name": "entityName1",
        "kind": "Identity",
        "config": {
          "transformedField": "entityName1"
        }
      },
      {
        "name": "entityName2",
        "kind": "Identity",
        "config": {
          "transformedField": "entityName2"
        }
      },
      {
        "name": "entityName3",
        "kind": "Identity",
        "config": {
          "transformedField": "entityName3"
        }
      },
      {
        "name": "entityName4",
        "kind": "Identity",
        "config": {
          "transformedField": "entityName4"
        }
      },
      {
        "name": "locationId",
        "kind": "Identity",
        "config": {
          "transformedField": "locationId"
        }
      },
      {
        "name": "containerName",
        "kind": "Identity",
        "config": {
          "transformedField": "containerName"
        }
      },
      {
        "name": "managedEnvironmentName",
        "kind": "Identity",
        "config": {
          "transformedField": "managedEnvironmentName"
        }
      },
      {
        "name": "managedEnvironmentResourceGroupName",
        "kind": "Identity",
        "config": {
          "transformedField": "managedEnvironmentResourceGroupName"
        }
      },
      {
        "name": "hasProvisionalManagedEnvironment",
        "kind": "Identity",
        "config": {
          "transformedField": "hasProvisionalManagedEnvironment"
        }
      },
      {
        "name": "omitsManagedEnvironmentsResourceGroupParam",
        "kind": "Identity",
        "config": {
          "transformedField": "omitsManagedEnvironmentsResourceGroupParam"
        }
      }
    ],
    "fusers": [
      {
        "name": "LOCATIONIDNAMEPARAMETERNAME",
        "kind": "ZipperToothMerge",
        "config": {
          "joinTokens": [ "containerApps_", "_LocationId" ],
          "firstToken": "joinTokens",
          "inwardFacingFields": [ "entityName1" ],
          "outwardFacingField": "/parameters/0/name"
        }
      },
      {
        "name": "LOCATIONIDPARAMETERVALUE",
        "kind": "Identity",
        "config": {
          "inwardFacingFields": [ "locationId" ],
          "outwardFacingField": "/parameters/0/defaultValue"
        }
      },
      {
        "name": "CONTAINERNAMEPARAMETERNAME",
        "kind": "ZipperToothMerge",
        "config": {
          "joinTokens": [ "containerApps_", "_containerName" ],
          "firstToken": "joinTokens",
          "inwardFacingFields": [ "entityName2" ],
          "outwardFacingField": "/parameters/1/name"
        }
      },
      {
        "name": "CONTAINERNAMEPARAMETERVALUE",
        "kind": "Identity",
        "config": {
          "inwardFacingFields": [ "containerName" ],
          "outwardFacingField": "/parameters/1/defaultValue"
        }
      },
      {
        "name": "MANAGEDENVIRONMENTNAME",
        "kind": "ZipperToothMerge",
        "config": {
          "joinTokens": [ "containerApps_", "_managedEnvName" ],
          "firstToken": "joinTokens",
          "inwardFacingFields": [ "entityName3" ],
          "outwardFacingField": "/parameters/2/name"
        }
      },
      {
        "name": "MANAGEDENVIRONMENTVALUE",
        "kind": "Identity",
        "config": {
          "inwardFacingFields": [ "managedEnvironmentName" ],
          "outwardFacingField": "/parameters/2/defaultValue"
        }
      },
      {
        "name": "MANAGEDENVIRONMENTRESOURCEGROUPNAME",
        "kind": "ZipperToothMerge",
        "config": {
          "joinTokens": [ "containerApps_", "_managedEnvResourceGroupName" ],
          "firstToken": "joinTokens",
          "inwardFacingFields": [ "entityName4" ],
          "outwardFacingField": "/parameters/3/name"
        }
      },
      {
        "name": "MANAGEDENVIRONMENTRESOURCEGROUPVALUE",
        "kind": "Identity",
        "config": {
          "inwardFacingFields": [ "managedEnvironmentResourceGroupName" ],
          "outwardFacingField": "/parameters/3/defaultValue"
        }
      },
      {
        "name": "OMITSMANAGEDENVRESOURCEGROUPPARAM",
        "kind": "Conditional",
        "config": {
          "inwardFacingFields": [ "omitsManagedEnvironmentsResourceGroupParam" ],
          "outwardFacingField": "/parameters/3/omitFromTemplate",
          "ifTrue": {
            "name": "OMITRESOURCEGROUPPARAM",
            "kind": "Constant",
            "config": {
              "inwardFacingFields": [ "" ],
              "outwardFacingField": "/parameters/3/omitFromTemplate",
              "constantValue": true
            }
          }
        }
      }
    ]
  },
  "templateStartData": {
    "type": "Microsoft.App/containerApps",
    "apiVersion": "2023-05-01",
    "kind": "containerapp",
    "properties": {
      "configuration": {
        "activeRevisionsMode": "Single",
        "ingress": {
          "external": true,
          "targetPort": 80,
          "transport": "Auto"
        }
      },
      "template": {
        "containers": [
          {
            "image": "mcr.microsoft.com/azuredocs/containerapps-helloworld:latest",
            "resources": {
              "cpu": 0.5,
              "memory": "1Gi"
            }
          }
        ],
        "scale": {
          "minReplicas": 1,
          "maxReplicas": 1
        }
      }
    },
    "identity": {
      "type": "SystemAssigned"
    }
  },
  "templateMap": {
    "name": "containerAppsDeploymentResource",
    "splitters": [
      {
        "name": "NAMEPARAMETERREPEATED",
        "kind": "IdentityRepeater",
        "config": {
          "outwardFacingField": "/parameters/0",
          "inwardFacingFields": [ "nameParam1", "nameParam2" ],
          "innerAtomizers": [
            {
              "name": "NAMEPARAM1",
              "kind": "Identity",
              "config": {
                "outwardFacingField": "/parameters/0",
                "inwardFacingFields": [ "nameParam1" ]
              }
            },
            {
              "name": "NAMEPARAM2",
              "kind": "Identity",
              "config": {
                "outwardFacingField": "/parameters/0",
                "inwardFacingFields": [ "nameParam2" ]
              }
            }
          ]
        }
      },
      {
        "name": "LOCATIONIDPARAM",
        "kind": "Identity",
        "config": {
          "outwardFacingField": "/parameters/1",
          "inwardFacingFields": [ "locationIdParam" ]
        }
      },
      {
        "name": "CONTAINERNAMEPARAM",
        "kind": "Identity",
        "config": {
          "outwardFacingField": "/parameters/2",
          "inwardFacingFields": [ "containerNameParam" ]
        }
      },
      {
        "name": "MANAGEDENVIRONMENTNAMEPARAM",
        "kind": "Identity",
        "config": {
          "outwardFacingField": "/parameters/3",
          "inwardFacingFields": [ "managedEnvironmentNameParam" ]
        }
      },
      {
        "name": "HASPROVISIONALMANAGEDENVIRONMENT",
        "kind": "Identity",
        "config": {
          "outwardFacingField": "/model/SelectedManagedEnvironmentSerialized/IsProvisional",
          "inwardFacingFields": [ "hasProvisionalManagedEnvironment" ]
        }
      },
      {
        "name": "MANAGEDENVIRONMENTRESOURCEGROUPPARAM",
        "kind": "Identity",
        "config": {
          "outwardFacingField": "/parameters/4",
          "inwardFacingFields": [ "managedEnvironmentResourceGroupNameParam" ]
        }
      }
    ],
    "transforms": [
      {
        "name": "nameParam1",
        "kind": "ParameterReference",
        "config": {
          "transformedField": "nameParam1"
        }
      },
      {
        "name": "nameParam2",
        "kind": "ParameterReference",
        "config": {
          "transformedField": "nameParam2"
        }
      },
      {
        "name": "locationIdParam",
        "kind": "ParameterReference",
        "config": {
          "transformedField": "locationIdParam"
        }
      },
      {
        "name": "managedEnvironmentNameParam",
        "kind": "ParameterReference",
        "config": {
          "transformedField": "managedEnvironmentNameParam"
        }
      },
      {
        "name": "hasProvisionalManagedEnvironemnt",
        "kind": "Identity",
        "config": {
          "transformedField": "hasProvisionalManagedEnvironment"
        }
      },
      {
        "name": "managedEnvironemntResourceGroupNameParam",
        "kind": "ParameterReference",
        "config": {
          "transformedField": "managedEnvironmentResourceGroupNameParam"
        }
      },
      {
        "name": "containerNameParam",
        "kind": "ParameterReference",
        "config": {
          "transformedField": "containerNameParam"
        }
      }
    ],
    "fusers": [
      {
        "name": "NAME",
        "kind": "ZipperToothMerge",
        "config": {
          "joinTokens": [ "[", "]" ],
          "firstToken": "joinTokens",
          "inwardFacingFields": [ "nameParam1" ],
          "outwardFacingField": "/name"
        }
      },
      {
        "name": "LOCATIONID",
        "kind": "ZipperToothMerge",
        "config": {
          "joinTokens": [ "[", "]" ],
          "firstToken": "joinTokens",
          "inwardFacingFields": [ "locationIdParam" ],
          "outwardFacingField": "/location"
        }
      },
      {
        "name": "CONTAINERNAME",
        "kind": "ZipperToothMerge",
        "config": {
          "joinTokens": [ "[", "]" ],
          "firstToken": "joinTokens",
          "inwardFacingFields": [ "containerNameParam" ],
          "outwardFacingField": "/properties/template/containers/0/name"
        }
      },
      {
        "name": "MANAGEDENVIRONMENTID",
        "kind": "Conditional",
        "config": {
          "inwardFacingFields": [ "hasProvisionalManagedEnvironment", "managedEnvironmentResourceGroupNameParam", "managedEnvironmentNameParam" ],
          "outwardFacingField": "/properties/managedEnvironmentId",
          "ifTrue": {
            "name": "MANAGEDENVIRONMENTID_PROVISONAL",
            "kind": "ZipperToothMerge",
            "config": {
              "joinTokens": [ "[resourceId('Microsoft.App/managedEnvironments', ", ")]" ],
              "firstToken": "joinTokens",
              "inwardFacingFields": [ "managedEnvironmentNameParam" ],
              "outwardFacingField": "/properties/managedEnvironmentId"
            }
          },
          "ifFalse": {
            "name": "MANAGEDENVIRONMENTID_EXISTING",
            "kind": "ZipperToothMerge",
            "config": {
              "joinTokens": [ "[resourceId(", ", 'Microsoft.App/managedEnvironments', ", ")]" ],
              "firstToken": "joinTokens",
              "inwardFacingFields": [ "managedEnvironmentResourceGroupNameParam", "managedEnvironmentNameParam" ],
              "outwardFacingField": "/properties/managedEnvironmentId"
            }
          }
        }
      }
    ]
  },
  "telemetryMap": {
    "name": "containerAppsTelemetryMap",
    "splitters": [
      {
        "name": "LOCATION",
        "kind": "Identity",
        "config": {
          "inwardFacingFields": [ "location" ],
          "outwardFacingField": "/SelectedLocation/InternalName"
        }
      }
    ],
    "transforms": [
      { "$ref": "/shared/datamap.json#/transforms/location" }
    ],
    "fusers": [
      {
        "name": "LOCATION",
        "kind": "Identity",
        "config": {
          "outwardFacingField": "/location/value",
          "inwardFacingFields": [ "location" ]
        }
      }
    ]
  },
  "telemetryStartData": {
    "location": {
      "name": "ContainerAppsProvisioningExperience.Location"
    }
  }
}
