{
  "editCredentials": {
    "id": "editCredentials",
    "displayName": {
      "$ref": "strings:#/editCredentials"
    },
    "description": {
      "$ref": "strings:#/editCredentials"
    }
  },
  "openInAppInsights": {
    "id": "openInAppInsights",
    "displayName": {
      "$ref": "strings:#/openInAppInsights"
    },
    "description": {
      "$ref": "strings:#/openInAppInsights"
    }
  },
  "openBuildPane": {
    "id": "openBuildPane",
    "displayName": {
      "$ref": "strings:#/seeLogsInOutputPane"
    },
    "description": {
      "$ref": "strings:#/seeLogsInOutputPane"
    }
  },
  "showAll": {
    "id": "showAll",
    "baseActionId": "edit",
    "displayName": {
      "$ref": "strings:#/showAll"
    },
    "description": {
      "$ref": "strings:#/showAll"
    }
  },
  "openAzDevCliPane": {
    "id": "openAzDevCliPane",
    "displayName": {
      "$ref": "strings:#/seeLogsInAzDevOuputPane"
    },
    "description": {
      "$ref": "strings:#/seeLogsInAzDevOuputPane"
    },
    "provider": "aspire"
  },
  "openInAzurePortal": {
    "id": "openDeploymentInPortal",
    "displayName": {
      "$ref": "strings:#/openInAzurePortal"
    },
    "description": {
      "$ref": "strings:#/openInAzurePortal"
    }
  }
}
