{
  "APIManagementAppServiceTargetedProperties": [
    "ApiResourceId",
    "OpenApiDocumentName",
    "UpdateApiOnPublish"
  ],
  "APIManagementFunctionAppTargetedProperties": [
    "ApiResourceId",
    "UpdateApiOnPublish"
  ],
  "APIManagementGitHubTargetedProperties": [
    "ApiManagementApiResourceName",
    "ApiManagementApiResourcePath",
    "ApiManagementApiSite",
    "ApiManagementResourceGroup",
    "ApiManagementResourceId",
    "ApiManagementResourceName",
    "ApiManagementSubscriptionId"
  ],
  "AppServiceDotNetCoreVersion": {
    "name": "DotNetCoreVersion",
    "kind": "AppServiceDotNetCoreVersion",
    "defaultValue": "5.0.x"
  },
  "AzdContext": {
    "name": "AzdContext",
    "kind": "AzdContext"
  },
  "Configuration": {
    "name": "Configuration",
    "kind": "ProjectConfiguration",
    "defaultValue": "Release"
  },
  "ContainerBuildType": {
    "name": "ContainerBuildType",
    "kind": "ContainerBuildType",
    "defaultValue": "DotNetSdk"
  },
  "ContainerSdkDotNetSupportDisposition": {
    "name": "DotNetVersionSupportDisposition",
    "kind": "ContainerSdkDotNetSupportDisposition",
    "defaultValue": "FullySupported"
  },
  "ContainerSdkDotNetVersion": {
    "name": "DotNetCoreVersion",
    "kind": "ContainerSdkDotNetVersion",
    "defaultValue": "7.0.x"
  },
  "DeleteAdditionalFiles": {
    "name": "DeleteAdditionalFiles",
    "kind": "Checkbox",
    "defaultValue": true,
    "label": {
      "$ref": "strings:#/deleteAdditionalFiles"
    }
  },
  "DeploymentMode": {
    "name": "DeploymentMode",
    "isAdditional": true,
    "control": {
      "kind": "Combobox",
      "defaultValue": {
        "$ref": "strings:#/frameworkDependent"
      },
      "label": {
        "$ref": "strings:#/deploymentMode"
      },
      "itemsSource": [
        {
          "$ref": "strings:#/frameworkDependent"
        },
        {
          "$ref": "strings:#/selfContained"
        }
      ]
    }
  },
  "DeploymentSlot": {
    "name": "DeploymentSlot",
    "kind": "Combobox",
    "defaultValue": "Default",
    "label": {
      "$ref": "strings:#/deploymentSlot"
    },
    "isAdditional": true,
    "itemsSource": [
      "Default"
    ]
  },
  "DockerFilePath": {
    "name": "DockerFilePath",
    "kind": "DockerFilePath",
    "defaultValue": "DockerFile"
  },
  "DotNetCoreVersion": {
    "name": "DotNetCoreVersion",
    "kind": "DotNetCoreVersion",
    "defaultValue": "5.0.x"
  },
  "DotNetVersionSupportDisposition": {
    "name": "DotNetVersionSupportDisposition",
    "kind": "DotNetVersionSupportDisposition",
    "defaultValue": "FullySupported"
  },
  "FunctionsDotNetCoreVersion": {
    "name": "DotNetCoreVersion",
    "kind": "FunctionsDotNetCoreVersion",
    "defaultValue": "3.1.x"
  },
  "FunctionsInProcDotNetCoreVersion": {
    "name": "FunctionsInProcDotNetCoreVersion",
    "kind": "FunctionsInProcDotNetCoreVersion",
    "defaultValue": "3.1.x"
  },
  "FunctionsInProcDotNetSupportDisposition": {
    "name": "FunctionsInProcDotNetSupportDisposition",
    "kind": "FunctionsInProcDotNetSupportDisposition",
    "defaultValue": "FullySupported"
  },
  "FunctionsInProcTfm": {
    "name": "FunctionsInProcTfm",
    "kind": "FunctionsInProcTfm",
    "defaultValue": "netcoreapp3.1"
  },
  "HasDockerSupport": {
    "name": "HasDockerSupport",
    "kind": "HasDockerSupport",
    "defaultValue": false
  },
  "HasNetSkdContainerSupport": {
    "name": "HasDotNetSdkContainerSupport",
    "kind": "HasDotNetSdkContainerSupport",
    "defaultValue": true
  },
  "HostingMsDeploy": [
    "DeployIisAppPath",
    "MSDeployServiceURL",
    "ResourceId",
    "SiteUrlToLaunchAfterPublish",
    "UserName"
  ],
  "HostingDockerPublish": [
    "RegistryUrl",
    "ResourceGroup",
    "ResourceId",
    "ResourceName",
    "Subscription",
    "UserName"
  ],
  "HostingDockerContainerPublish": [
    "ContainerResourceId",
    "ContainerResourceName",
    "RegistryUrl",
    "ResourceId",
    "SiteUrlToLaunchAfterPublish",
    "Subscription"
  ],
  "HostingAppServiceDockerContainerPublish": [
    { "$refmerge": "#/HostingDockerContainerPublish" },
    "ResourceGroup",
    "SCMUrl"
  ],
  "HostingFunctionAppDockerContainerPublish": [
    { "$refmerge": "#/HostingDockerContainerPublish" }
  ],
  "HostingZipDeploy": [
    "PublishUrl",
    "ResourceId",
    "SiteUrlToLaunchAfterPublish",
    "UserName"
  ],
  "IsARM64Process": {
    "name": "IsARM64Process",
    "kind": "IsARM64Process",
    "defaultValue": false
  },
  "InstallSiteExtensions": {
    "name": "InstallSiteExtensions",
    "kind": "Checkbox",
    "defaultValue": false,
    "label": {
      "$ref": "strings:#/installSiteExtensions"
    }
  },
  "LastUsedBuildConfiguration": {
    "name": "LastUsedBuildConfiguration",
    "kind": "Combobox",
    "defaultValue": "Release",
    "label": {
      "$ref": "strings:#/lastUsedBuildConfiguration"
    },
    "itemsSource": {
      "kind": "ConfigurationsAndPlatforms"
    },
    "itemsDisplayMember": "DisplayName"
  },
  "ProjectConfiguration": {
    "name": "LastUsedBuildConfiguration",
    "kind": "ProjectConfiguration",
    "defaultValue": "Release"
  },
  "ProjectGuid": {
    "name": "ProjectGuid",
    "kind": "ProjectGuid",
    "defaultValue": ""
  },
  "ProjectRelativeDirectory": {
    "name": "ProjectPath",
    "kind": "ProjectRelativeDirectory",
    "defaultValue": "."
  },
  "PlatformConfiguration": {
    "name": "LastUsedPlatform",
    "kind": "PlatformConfiguration",
    "defaultValue": "Any CPU"
  },
  "Platform": {
    "name": "Platform",
    "kind": "PlatformConfiguration",
    "defaultValue": "Any CPU"
  },
  "ProjectNameForDocker": {
    "name": "ProjectNameForDocker",
    "kind": "ProjectNameForDocker",
    "defaultValue": "projectname"
  },
  "PublishDirectoryPath": {
    "name": "PublishDirectoryPath",
    "kind": "PublishDirectoryPath",
    "defaultValue": ""
  },
  "TargetFramework": {
    "name": "TargetFramework",
    "kind": "Combobox",
    "defaultValue": "netcoreapp2.1",
    "label": {
      "$ref": "strings:#/targetFramework"
    },
    "itemsSource": {
      "$ref": "#/TargetFrameworks"
    }
  },
  "TargetFrameworks": {
    "name": "TargetFrameworks",
    "kind": "TargetFrameworks",
    "defaultValue": ""
  },
  "TargetRuntime": {
    "name": "TargetRuntime",
    "isAdditional": true,
    "control": {
      "kind": "Combobox",
      "defaultValue": "win-x86",
      "label": {
        "$ref": "strings:#/targetRuntime"
      },
      "itemsSource": {
        "kind": "TargetRuntime",
        "defaults": [
          "win-x86",
          "win-x64",
          "win-arm",
          "osx-x64",
          "linux-x64",
          "linux-arm"
        ],
        "dependsOn": [
          "DeploymentMode.SelectedValue"
        ]
      },
      "enabled": "true"
    }
  },
  "SupportsContainerNetSdkPublish": {
    "name": "SupportsContainerNetSdkPublish",
    "kind": "SupportsContainerNetSdkPublish",
    "defaultValue": false
  },
  "UseGrpc": {
    "name": "UseGrpc",
    "kind": "UseGrpc",
    "defaultValue": false
  }
}
