{
  "azdCLI": {
    "kind": "azdCLI",
    "needsHostRestart": false,
    "canAutoInstall": true,
    "url": "https://aka.ms/install-azd",
    "installErrorMessage": {
      "$ref": "strings:#/azdCliInstallFailure"
    },
    "name": {
      "$ref": "strings:#/azdCli"
    },
    "description": {
      "$ref": "strings:#/azdCliDescription"
    },
    "image": {
      "$ref": "images:#/azure"
    },
    "model": {
    }
  },
  "vsWebWorkload": {
    "kind": "HostComponent",
    "needsHostRestart": true,
    "canAutoInstall": true,
    "name": {
      "$ref": "strings:#/vsWebWorkload"
    },
    "description": {
      "$ref": "strings:#/vsWebWorkloadDescription"
    },
    "image": {
      "$ref": "images:#/aspWebsite"
    },
    "model": {
      "componentId": "Component.Microsoft.VisualStudio.Web.AzureFunctions",
      "installPath": "",
      "commandlineArguments": ""
    }
  }
}
