{
  "_default": {
    "id": "_default",
    "kind": "string"
  },
  "_defaultStatus": {
    "id": "_defaultStatus",
    "statusDefinitions": [
      {
        "status": "Ok",
        "icon": {
          "$ref": "images:#/statusOK"
        },
        "description": {
          "$ref": "strings:#/ok"
        }
      },
      {
        "status": "Warning",
        "icon": {
          "$ref": "images:#/statusWarning"
        },
        "description": {
          "$ref": "strings:#/warning"
        }
      },
      {
        "status": "Error",
        "icon": {
          "$ref": "images:#/statusError"
        },
        "description": {
          "$ref": "strings:#/error"
        }
      }
    ]
  },
  "AccountPicker": {
    "id": "AccountPicker",
    "displayName": {
      "$ref": "strings:#/account"
    },
    "kind": "control",
    "control": "accountPicker"
  },
  "AppLocation": {
    "id": "AppLocation",
    "displayName": {
      "$ref": "strings:#/appLocation"
    },
    "propertyName": "AppLocation",
    "kind": "string",
    "showAlways": false
  },
  "ApiLocation": {
    "id": "ApiLocation",
    "displayName": {
      "$ref": "strings:#/apiLocation"
    },
    "propertyName": "ApiLocation",
    "kind": "string",
    "showAlways": false
  },
  "OutputLocation": {
    "id": "OutputLocation",
    "displayName": {
      "$ref": "strings:#/outputLocation"
    },
    "propertyName": "OutputLocation",
    "kind": "string",
    "showAlways": true
  },
  "ApiManagementApiName": {
    "id": "ApiManagementApiName",
    "displayName": {
      "$ref": "strings:#/azureApiManagement"
    },
    "propertyName": "ApiResourceName",
    "kind": "string",
    "showAlways": true
  },
  "Configuration": {
    "id": "Configuration",
    "displayName": {
      "$ref": "strings:#/lastUsedBuildConfiguration"
    },
    "propertyName": "Configuration",
    "kind": "string",
    "action": {
      "id": "edit",
      "messageAccessible": {
        "$ref": "strings:#/editConfiguration"
      }
    },
    "showAlways": true
  },
  "ContainerBuild": {
    "id": "ContainerBuild",
    "displayName": {
      "$ref": "strings:#/containerBuild"
    },
    "propertyName": "WebPublishMethod",
    "converter": "ContainerBuild",
    "kind": "string"
  },
  "ContainerName": {
    "id": "ContainerName",
    "displayName": {
      "$ref": "strings:#/containerName"
    },
    "propertyName": "ContainerName",
    "kind": "string",
    "action": {
      "id": "copy",
      "provider": "default",
      "messageAccessible": {
        "$ref": "strings:#/copied"
      }
    },
    "showAlways": true
  },
  "DeleteExistingFiles": {
    "id": "DeleteExistingFiles",
    "displayName": {
      "$ref": "strings:#/deleteExistingFiles"
    },
    "propertyName": "DeleteExistingFiles",
    "kind": "string",
    "action": {
      "id": "edit",
      "messageAccessible": {
        "$ref": "strings:#/editDeleteExistingFiles"
      }
    },
    "defaultValue": "false"
  },
  "DeployIisAppPath": {
    "id": "DeployIisAppPath",
    "displayName": {
      "$ref": "strings:#/iisAppPath"
    },
    "propertyName": "DeployIisAppPath",
    "kind": "string",
    "action": {
      "id": "copy",
      "provider": "default",
      "messageAccessible": {
        "$ref": "strings:#/copied"
      }
    },
    "showAlways": true
  },
  "DeploymentMode": {
    "id": "DeploymentMode",
    "displayName": {
      "$ref": "strings:#/deploymentMode"
    },
    "propertyName": "SelfContained",
    "converter": "DeploymentMode",
    "kind": "string",
    "action": {
      "id": "edit",
      "messageAccessible": {
        "$ref": "strings:#/editDeploymentMode"
      }
    }
  },
  "EncryptedPassword": {
    "id": "EncryptedPassword",
    "displayName": {
      "$ref": "strings:#/password"
    },
    "propertyName": "EncryptedPassword",
    "converter": "Password",
    "defaultValue": {
      "$ref": "strings:#/attentionRequired"
    },
    "kind": "string",
    "action": {
      "id": "editCredentials",
      "provider": "editableProfile",
      "messageAccessible": {
        "$ref": "strings:#/editPassword"
      }
    }
  },
  "Environment": {
    "id": "Environment",
    "displayName": {
      "$ref": "strings:#/environment"
    },
    "propertyName": "Environment",
    "kind": "string",
    "showAlways": true
  },
  "EnvironmentName": {
    "id": "EnvironmentName",
    "displayName": {
      "$ref": "strings:#/environmentName"
    },
    "propertyName": "EnvironmentName",
    "kind": "string",
    "action": {
      "id": "copy",
      "provider": "default",
      "messageAccessible": {
        "$ref": "strings:#/copied"
      }
    },
    "showAlways": false
  },
  "FtpSitePath": {
    "id": "FtpSitePath",
    "displayName": {
      "$ref": "strings:#/ftpSitePath"
    },
    "propertyName": "FtpSitePath",
    "kind": "string",
    "action": {
      "id": "copy",
      "provider": "default",
      "messageAccessible": {
        "$ref": "strings:#/copied"
      }
    },
    "showAlways": true
  },
  "FtpPassiveMode": {
    "id": "FtpPassiveMode",
    "displayName": {
      "$ref": "strings:#/ftpPassiveMode"
    },
    "propertyName": "FtpPassiveMode",
    "kind": "string",
    "showAlways": true
  },
  "FtpServer": {
    "id": "FtpServer",
    "displayName": {
      "$ref": "strings:#/server"
    },
    "propertyName": "publishUrl",
    "kind": "link",
    "action": {
      "id": "copy",
      "provider": "default",
      "messageAccessible": {
        "$ref": "strings:#/copied"
      }
    },
    "showAlways": true
  },
  "ImageName": {
    "id": "ImageName",
    "displayName": {
      "$ref": "strings:#/imageName"
    },
    "propertyName": "ImageName",
    "kind": "string",
    "defaultValue": {
      "$ref": "strings:#/willBeGeneratedDuringPublish"
    },
    "action": {
      "id": "copy",
      "provider": "default",
      "messageAccessible": {
        "$ref": "strings:#/copied"
      }
    }
  },
  "IngressTargetPort": {
    "id": "IngressTargetPort",
    "displayName": {
      "$ref": "strings:#/ingressTargetPort"
    },
    "propertyName": "IngressTargetPort",
    "kind": "string",
    "showAlways": false
  },
  "LastUsedBuildConfiguration": {
    "id": "LastUsedBuildConfiguration",
    "displayName": {
      "$ref": "strings:#/lastUsedBuildConfiguration"
    },
    "propertyName": "LastUsedBuildConfiguration",
    "kind": "string",
    "action": {
      "id": "edit",
      "messageAccessible": {
        "$ref": "strings:#/editConfiguration"
      }
    },
    "showAlways": true
  },
  "MSDeployServiceURL": {
    "id": "MSDeployServiceURL",
    "displayName": {
      "$ref": "strings:#/server"
    },
    "propertyName": "MSDeployServiceURL",
    "kind": "link",
    "action": {
      "id": "copy",
      "provider": "default",
      "messageAccessible": {
        "$ref": "strings:#/copied"
      }
    }
  },
  "PublishDir": {
    "id": "PublishDir",
    "displayName": {
      "$ref": "strings:#/targetLocation"
    },
    "propertyName": "PublishDir",
    "kind": "link",
    "linkAction": {
      "id": "openFolder",
      "provider": "default"
    },
    "action": {
      "id": "copyPath",
      "provider": "default",
      "messageAccessible": {
        "$ref": "strings:#/copied"
      }
    },
    "showAlways": true
  },
  "PublishImageTag": {
    "id": "PublishImageTag",
    "displayName": {
      "$ref": "strings:#/imageTag"
    },
    "propertyName": "PublishImageTag",
    "kind": "string",
    "defaultValue": {
      "$ref": "strings:#/willBeGeneratedDuringPublish"
    },
    "action": {
      "id": "copy",
      "provider": "default",
      "messageAccessible": {
        "$ref": "strings:#/copied"
      }
    }
  },
  "PublishUrl": {
    "id": "PublishUrl",
    "displayName": {
      "$ref": "strings:#/targetLocation"
    },
    "propertyName": "PublishUrl",
    "kind": "link",
    "linkAction": {
      "id": "openFolder",
      "provider": "default"
    },
    "action": {
      "id": "copyPath",
      "provider": "default",
      "messageAccessible": {
        "$ref": "strings:#/copied"
      }
    },
    "showAlways": true
  },
  "RegistryUrl": {
    "id": "RegistryUrl",
    "displayName": {
      "$ref": "strings:#/repository"
    },
    "propertyName": "RegistryUrl",
    "kind": "link",
    "linkAction": {
      "id": "openDockerRegistryUrl",
      "provider": "azure"
    },
    "action": {
      "id": "copy",
      "provider": "default",
      "messageAccessible": {
        "$ref": "strings:#/copied"
      }
    },
    "showAlways": true
  },
  "Repository": {
    "id": "Repository",
    "displayName": {
      "$ref": "strings:#/repository"
    },
    "propertyName": "RegistryUrl",
    "kind": "string",
    "action": {
      "id": "copy",
      "provider": "default",
      "messageAccessible": {
        "$ref": "strings:#/copied"
      }
    },
    "showAlways": true
  },
  "ResourceGroup": {
    "id": "ResourceGroup",
    "displayName": {
      "$ref": "strings:#/resourceGroup"
    },
    "propertyName": "ResourceGroup",
    "kind": "string",
    "showAlways": true
  },
  "ResourceGroupFromResourceId": {
    "id": "ResourceGroupFromResourceId",
    "displayName": {
      "$ref": "strings:#/resourceGroup"
    },
    "propertyName": "ResourceId",
    "converter": "ResourceGroup",
    "kind": "string",
    "dynamicDataPoint": "azureSiteFetched",
    "showAlways": true
  },
  "ResourceNameFromResourceId": {
    "id": "ResourceNameFromResourceId",
    "displayName": {
      "$ref": "strings:#/resourceName"
    },
    "propertyName": "ResourceId",
    "converter": "ResourceName",
    "kind": "string",
    "dynamicDataPoint": "azureSiteFetched",
    "showAlways": true
  },
  "SDKVersion": {
    "id": "SDKVersion",
    "displayName": {
      "$ref": "strings:#/sdkVersion"
    },
    "propertyName": "TargetFramework",
    "kind": "string",
    "action": {
      "id": "edit",
      "messageAccessible": {
        "$ref": "strings:#/editSdkVersion"
      }
    },
    "showAlways": true
  },
  "SecretServicePrincipalApiManagement": {
    "id": "SecretServicePrincipalApiManagement",
    "displayName": {
      "$ref": "strings:#/servicePrincipalSecret"
    },
    "propertyName": "SecretServicePrincipal",
    "converter": "UpperCase",
    "kind": "link",
    "linkAction": {
      "id": "showGithubServicePrincipalApiManagement",
      "provider": "azure"
    },
    "status": "Ok",
    "statusDefinitions": [
      {
        "status": "Ok",
        "icon": {
          "$ref": "images:#/statusSecurityOK"
        },
        "description": {
          "$ref": "strings:#/githubSecretExists"
        }
      },
      {
        "status": "Warning",
        "icon": {
          "$ref": "images:#/statusSecurityWarning"
        }
      }
    ],
    "dynamicDataPoint": "githubSecretExists",
    "showAlways": true
  },
  "SecretCredsContainerRegistry": {
    "id": "SecretCredsContainerRegistry",
    "displayName": {
      "$ref": "strings:#/containerRegistrySecrets"
    },
    "propertyName": "SecretContainerRegistry",
    "converter": "UpperCase",
    "kind": "link",
    "linkAction": {
      "id": "showGithubCredsContainerRegistry",
      "provider": "azure"
    },
    "status": "Ok",
    "statusDefinitions": [
      {
        "status": "Ok",
        "icon": {
          "$ref": "images:#/statusSecurityOK"
        },
        "description": {
          "$ref": "strings:#/githubSecretExists"
        }
      },
      {
        "status": "Warning",
        "icon": {
          "$ref": "images:#/statusSecurityWarning"
        }
      }
    ],
    "dynamicDataPoint": "githubSecretExists",
    "showAlways": true
  },
  "SecretServicePrincipalContainerApp": {
    "id": "SecretServicePrincipalContainerApp",
    "displayName": {
      "$ref": "strings:#/servicePrincipalSecret"
    },
    "propertyName": "SecretServicePrincipal",
    "converter": "UpperCase",
    "kind": "link",
    "linkAction": {
      "id": "showGithubServicePrincipalContainerApp",
      "provider": "azure"
    },
    "status": "Ok",
    "statusDefinitions": [
      {
        "status": "Ok",
        "icon": {
          "$ref": "images:#/statusSecurityOK"
        },
        "description": {
          "$ref": "strings:#/githubSecretExists"
        }
      },
      {
        "status": "Warning",
        "icon": {
          "$ref": "images:#/statusSecurityWarning"
        }
      }
    ],
    "dynamicDataPoint": "githubSecretExists",
    "showAlways": true
  },
  "SecretServicePrincipalContainerAppEnvironment": {
    "id": "SecretServicePrincipalContainerAppEnvironment",
    "displayName": {
      "$ref": "strings:#/servicePrincipalSecret"
    },
    "propertyName": "SecretServicePrincipal",
    "converter": "UpperCase",
    "kind": "link",
    "linkAction": {
      "id": "showGithubServicePrincipalContainerAppEnvironment",
      "provider": "azure"
    },
    "status": "Ok",
    "statusDefinitions": [
      {
        "status": "Ok",
        "icon": {
          "$ref": "images:#/statusSecurityOK"
        },
        "description": {
          "$ref": "strings:#/githubSecretExists"
        }
      },
      {
        "status": "Warning",
        "icon": {
          "$ref": "images:#/statusSecurityWarning"
        }
      }
    ],
    "dynamicDataPoint": "githubSecretExists",
    "showAlways": true
  },
  "SecretServicePrincipalKubernetesService": {
    "id": "SecretServicePrincipalKubernetesService",
    "displayName": {
      "$ref": "strings:#/servicePrincipalSecret"
    },
    "propertyName": "SecretServicePrincipal",
    "converter": "UpperCase",
    "kind": "link",
    "linkAction": {
      "id": "showGithubServicePrincipalKubernetesService",
      "provider": "azure"
    },
    "status": "Ok",
    "statusDefinitions": [
      {
        "status": "Ok",
        "icon": {
          "$ref": "images:#/statusSecurityOK"
        },
        "description": {
          "$ref": "strings:#/githubSecretExists"
        }
      },
      {
        "status": "Warning",
        "icon": {
          "$ref": "images:#/statusSecurityWarning"
        }
      }
    ],
    "dynamicDataPoint": "githubSecretExists",
    "showAlways": true
  },
  "SecretServicePrincipalSpringCloud": {
    "id": "SecretServicePrincipalSpringCloud",
    "displayName": {
      "$ref": "strings:#/publishProfileSecret"
    },
    "propertyName": "SecretPublishProfile",
    "converter": "UpperCase",
    "kind": "link",
    "linkAction": {
      "id": "showGithubServicePrincipalSpringCloud",
      "provider": "azure"
    },
    "status": "Ok",
    "statusDefinitions": [
      {
        "status": "Ok",
        "icon": {
          "$ref": "images:#/statusSecurityOK"
        },
        "description": {
          "$ref": "strings:#/githubSecretExists"
        }
      },
      {
        "status": "Warning",
        "icon": {
          "$ref": "images:#/statusSecurityWarning"
        }
      }
    ],
    "dynamicDataPoint": "githubSecretExists",
    "showAlways": true
  },
  "SecretServicePrincipalStaticWebApp": {
    "id": "SecretServicePrincipalStaticWebApp",
    "displayName": {
      "$ref": "strings:#/servicePrincipalSecret"
    },
    "propertyName": "SecretServicePrincipal",
    "converter": "UpperCase",
    "kind": "link",
    "linkAction": {
      "id": "showGithubServicePrincipalStaticWebApp",
      "provider": "azure"
    },
    "status": "Ok",
    "statusDefinitions": [
      {
        "status": "Ok",
        "icon": {
          "$ref": "images:#/statusSecurityOK"
        },
        "description": {
          "$ref": "strings:#/githubSecretExists"
        }
      },
      {
        "status": "Warning",
        "icon": {
          "$ref": "images:#/statusSecurityWarning"
        }
      }
    ],
    "dynamicDataPoint": "githubSecretExists",
    "showAlways": true
  },
  "SecretServicePrincipalWebsite": {
    "id": "SecretServicePrincipalWebsite",
    "displayName": {
      "$ref": "strings:#/servicePrincipalSecret"
    },
    "propertyName": "SecretServicePrincipal",
    "converter": "UpperCase",
    "kind": "link",
    "linkAction": {
      "id": "showGithubServicePrincipalWebsite",
      "provider": "azure"
    },
    "status": "Ok",
    "statusDefinitions": [
      {
        "status": "Ok",
        "icon": {
          "$ref": "images:#/statusSecurityOK"
        },
        "description": {
          "$ref": "strings:#/githubSecretExists"
        }
      },
      {
        "status": "Warning",
        "icon": {
          "$ref": "images:#/statusSecurityWarning"
        }
      }
    ],
    "dynamicDataPoint": "githubSecretExists",
    "showAlways": true
  },
  "SiteUrlToLaunchAfterPublish": {
    "id": "SiteUrlToLaunchAfterPublish",
    "displayName": {
      "$ref": "strings:#/siteUrl"
    },
    "propertyName": "SiteUrlToLaunchAfterPublish",
    "kind": "url",
    "action": {
      "id": "copy",
      "provider": "default",
      "messageAccessible": {
        "$ref": "strings:#/copied"
      }
    },
    "showAlways": true
  },
  "SkipExtraFilesOnServer": {
    "id": "SkipExtraFilesOnServer",
    "displayName": {
      "$ref": "strings:#/deleteExistingFiles"
    },
    "propertyName": "SkipExtraFilesOnServer",
    "kind": "string",
    "action": {
      "id": "edit",
      "messageAccessible": {
        "$ref": "strings:#/editDeleteExistingFiles"
      }
    },
    "showAlways": true
  },
  "Source": {
    "id": "Source",
    "displayName": {
      "$ref": "strings:#/source"
    },
    "propertyName": "Source",
    "converter": "SWASource",
    "kind": "string",
    "showAlways": true
  },
  "Subscription": {
    "id": "Subscription",
    "displayName": {
      "$ref": "strings:#/subscription"
    },
    "propertyName": "Subscription",
    "kind": "string",
    "action": {
      "id": "copy",
      "provider": "default",
      "messageAccessible": {
        "$ref": "strings:#/copied"
      }
    },
    "showAlways": true
  },
  "SubscriptionFromResourceId": {
    "id": "SubscriptionFromResourceId",
    "displayName": {
      "$ref": "strings:#/subscription"
    },
    "propertyName": "ResourceId",
    "converter": "Subscription",
    "kind": "string",
    "action": {
      "id": "copy",
      "provider": "default",
      "messageAccessible": {
        "$ref": "strings:#/copied"
      }
    },
    "dynamicDataPoint": "azureSiteFetched",
    "showAlways": true
  },
  "TargetFramework": {
    "id": "TargetFramework",
    "displayName": {
      "$ref": "strings:#/targetFramework"
    },
    "propertyName": "TargetFramework",
    "kind": "string",
    "action": {
      "id": "edit",
      "messageAccessible": {
        "$ref": "strings:#/editTargetVersion"
      }
    }
  },
  "TargetRuntime": {
    "id": "TargetRuntime",
    "displayName": {
      "$ref": "strings:#/targetRuntime"
    },
    "propertyName": "RuntimeIdentifier",
    "defaultValue": {
      "$ref": "strings:#/portable"
    },
    "kind": "string",
    "action": {
      "id": "edit",
      "messageAccessible": {
        "$ref": "strings:#/editTargetRuntime"
      }
    }
  },
  "UserName": {
    "id": "UserName",
    "displayName": {
      "$ref": "strings:#/userName"
    },
    "propertyName": "UserName",
    "defaultValue": {
      "$ref": "strings:#/attentionRequired"
    },
    "kind": "string",
    "action": {
      "id": "editCredentials",
      "provider": "editableProfile",
      "messageAccessible": {
        "$ref": "strings:#/editUserName"
      }
    }
  },
  "WebJobName": {
    "id": "WebJobName",
    "displayName": {
      "$ref": "strings:#/webJobName"
    },
    "propertyName": "WebJobName",
    "kind": "string",
    "action": {
      "id": "edit",
      "messageAccessible": {
        "$ref": "strings:#/editWebJobName"
      }
    },
    "showAlways": true
  },
  "WebJobType": {
    "id": "WebJobType",
    "displayName": {
      "$ref": "strings:#/webJobType"
    },
    "propertyName": "WebJobType",
    "kind": "string",
    "action": {
      "id": "edit",
      "messageAccessible": {
        "$ref": "strings:#/editWebJobType"
      }
    },
    "showAlways": true
  },
  "WorkflowTriggers": {
    "id": "WorkflowTriggers",
    "displayName": {
      "$ref": "strings:#/workflowTriggers"
    },
    "propertyName": "Triggers",
    "kind": "tags",
    "showAlways": true
  },
  "AzdEnvironmentName": {
    "id": "AzdEnvironmentName",
    "displayName": {
      "$ref": "strings:#/name"
    },
    "propertyName": "EnvironmentName",
    "kind": "string",
    "showAlways": true
  },
  "SubscriptionFriendly": {
    "id": "SubscriptionFriendly",
    "displayName": {
      "$ref": "strings:#/subscription"
    },
    "propertyName": "Subscription",
    "kind": "string",
    "action": {
      "id": "copy",
      "provider": "default",
      "messageAccessible": {
        "$ref": "strings:#/copied"
      }
    },
    "converter": "SubscriptionFriendlyName",
    "dynamicDataPoint": "subscriptionInfo",
    "showAlways": true
  },
  "AzdEnvironmentLocationFriendly": {
    "id": "AzdEnvironmentLocationFriendly",
    "displayName": {
      "$ref": "strings:#/location"
    },
    "propertyName": "Location",
    "kind": "string",
    "action": {
      "id": "copy",
      "provider": "default",
      "messageAccessible": {
        "$ref": "strings:#/copied"
      }
    },
    "converter": "LocationFriendlyName",
    "dynamicDataPoint": "subscriptionInfo",
    "showAlways": true
  },
  "AzdDotnetEnvironment": {
    "id": "AzdDotnetEnvironment",
    "displayName": {
      "$ref": "strings:#/dotnetEnvironment"
    },
    "propertyName": "DOTNET_ENVIRONMENT",
    "kind": "string",
    "showAlways": false
  }
}
