{
  "AzureContainerRegistry_Image": {
    "$ref": "images:#/azureContainerRegistry"
  },
  "AzureContainerRegistry_State": {
    "$ref": "/definitions/states.json#/pubxmlContainers"
  },
  "AzureContainerRegistry_PublishSettings": {
    "prePublish": [
      "checkContainerPrereq"
    ],
    "postPublish": [
      "containerPush"
    ]
  },
  "AzureContainerRegistry_GlobalCrudActions": [
    {
      "id": "edit",
      "provider": "editSettingsOnly"
    },
    {
      "id": "rename",
      "provider": "default"
    },
    {
      "id": "delete",
      "provider": "default"
    }
  ],
  "AzureContainerRegistry_Sections": [
    {
      "id": "Settings",
      "displayName": {
        "$ref": "strings:#/settingsSection"
      },
      "bodyModel": {
        "summaryEntries": [
          "LastUsedBuildConfiguration",
          "ContainerBuild",
          "TargetFramework"
        ],
        "advancedAction": {
          "base": {
            "$refmerge": "/definitions/actions.json#/showAll"
          },
          "provider": "azure"
        }
      }
    },
    {
      "id": "Hosting",
      "displayName": {
        "$ref": "strings:#/hostingSection"
      },
      "actions": [
        {
          "id": "editImageTag",
          "provider": "editableProfile"
        },
        {
          "id": "manageInAzurePortal",
          "provider": "azure"
        },
        {
          "id": "associateInstance",
          "provider": "wizardEdit"
        }
      ],
      "bodyModel": {
        "summaryEntries": [
          "AccountPicker",
          "SubscriptionFromResourceId",
          "ResourceGroupFromResourceId",
          "ResourceNameFromResourceId",
          "RegistryUrl",
          "PublishImageTag"
        ],
        "advancedLink": {
          "displayName": {
            "$ref": "strings:#/site"
          },
          "propertyName": "SiteUrlToLaunchAfterPublish"
        }
      },
      "dynamicDataPoints": [
        "azureSiteFetched"
      ]
    }
  ],
  "AspireEnvironment_DynamicData": [
    {
      "id": "subscriptionInfo",
      "kind": "subscriptionInfo",
      "runOnClient": true,
      "trigger": "Activate",
      "order": 2
    },
    {
      "id": "aspireAccountCheck",
      "kind": "message",
      "runOnClient": true,
      "trigger": "Activate",
      "order": 1
    }
  ],
  "AzureContainerRegistry_DynamicData": [
    {
      "id": "azureSite",
      "kind": "azureSiteFetched",
      "runOnClient": true,
      "trigger": "Activate",
      "order": 1
    }
  ],
  "DockerContainerRegistry_Image": {
    "$ref": "images:#/dockerContainerRegistry"
  },
  "DockerContainerRegistry_State": {
    "$ref": "/definitions/states.json#/pubxmlContainers"
  },
  "DockerContainerRegistry_PublishSettings": {
    "prePublish": [
      "checkContainerPrereq"
    ],
    "postPublish": [
      "containerPush"
    ]
  },
  "DockerContainerRegistry_GlobalCrudActions": [
    {
      "id": "edit",
      "provider": "editSettingsOnly"
    },
    {
      "$refmerge": "#/DockerContainerRegistry_Common_GlobalCrudActions"
    }
  ],
  "DockerContainerRegistry_Console_GlobalCrudActions": [
    {
      "id": "edit",
      "provider": "fileEdit",
      "comment": "there is no yet fileEdit specific provider, we always defer to default one that is the last resort and it already has fileEdit experience there"
    },
    {
      "$refmerge": "#/DockerContainerRegistry_Common_GlobalCrudActions"
    }
  ],
  "DockerContainerRegistry_Common_GlobalCrudActions": [
    {
      "id": "rename",
      "provider": "default"
    },
    {
      "id": "delete",
      "provider": "default"
    }
  ],
  "DockerContainerRegistry_Sections": [
    {
      "id": "Settings",
      "displayName": {
        "$ref": "strings:#/settingsSection"
      },
      "bodyModel": {
        "summaryEntries": [
          "LastUsedBuildConfiguration",
          "ContainerBuild",
          "TargetFramework"
        ],
        "advancedAction": {
          "base": {
            "$refmerge": "/definitions/actions.json#/showAll"
          },
          "provider": "editSettingsOnly"
        }
      }
    },
    {
      "$ref": "#/DockerContainerRegistry_Hosting_Section"
    }
  ],
  "DockerContainerRegistry_Console_Sections": [
    {
      "id": "Settings",
      "displayName": {
        "$ref": "strings:#/settingsSection"
      },
      "bodyModel": {
        "summaryEntries": [
          "LastUsedBuildConfiguration",
          "ContainerBuild",
          "TargetFramework"
        ],
        "advancedAction": {
          "base": {
            "$refmerge": "/definitions/actions.json#/showAll"
          },
          "provider": "fileEdit"
        }
      }
    },
    {
      "$ref": "#/DockerContainerRegistry_Hosting_Section"
    }
  ],
  "DockerContainerRegistry_Hosting_Section": {
    "id": "Hosting",
    "displayName": {
      "$ref": "strings:#/hostingSection"
    },
    "actions": [
      {
        "id": "editImageTag",
        "provider": "editableProfile"
      }
    ],
    "bodyModel": {
      "summaryEntries": [
        "RegistryUrl",
        "PublishImageTag"
      ],
      "advancedLink": {
        "displayName": {
          "$ref": "strings:#/site"
        },
        "propertyName": "SiteUrlToLaunchAfterPublish"
      }
    }
  },
  "GitWorkflow_GlobalCrudActions": [
    {
      "id": "refresh",
      "provider": "default",
      "kind": "PrimaryAction",
      "messageAccessible": {
        "$ref": "strings:#/githubGettingWorkflowStatus"
      }
    },
    {
      "id": "edit",
      "provider": "fileEdit"
    },
    {
      "id": "rename",
      "provider": "default"
    },
    {
      "id": "delete",
      "provider": "default"
    }
  ],
  "GitWorkflow_DynamicData": [
    {
      "id": "workflowState",
      "kind": "viewStateTrigger",
      "runOnClient": true,
      "trigger": "Poll",
      "pollingTime": 5,
      "order": 3
    },
    {
      "id": "githubSecret",
      "kind": "githubSecretExists",
      "runOnClient": true,
      "trigger": "Activate",
      "order": 4
    },
    {
      "id": "azureSite",
      "kind": "azureSiteFetched",
      "runOnClient": true,
      "trigger": "Activate",
      "order": 1
    },
    {
      "id": "azureSite",
      "kind": "azureSiteFetchedDependency",
      "runOnClient": true,
      "trigger": "Activate",
      "order": 2
    }
  ],
  // GitWorkflow - GitHub Actions Settings section
  "GitWorkflow_GitHubActions_Settings_SummaryEntries": [
    "WorkflowTriggers",
    "SecretServicePrincipalWebsite"
  ],
  "GitWorkflow_GitHubActions_Settings_AdvancedAction": {
    "id": "editWorkflow",
    "baseActionId": "edit",
    "provider": "fileEdit",
    "displayName": {
      "$ref": "strings:#/editWorkflow"
    },
    "description": {
      "$ref": "strings:#/editWorkflow"
    }
  },
  "GitWorkflow_GitHubActions_Settings_Actions": [
    {
      "id": "manageInGitHub",
      "provider": "github"
    },
    {
      "id": "showCommitInGitHub",
      "provider": "github"
    }
  ],
  "GitWorkflow_GitHubActions_Settings": {
    "id": "Settings",
    "displayName": {
      "$ref": "strings:#/githubActionsWorkflow"
    },
    "bodyModel": {
      "summaryEntries": [
        {
          "$refmerge": "#/GitWorkflow_GitHubActions_Settings_SummaryEntries"
        }
      ],
      "advancedAction": {
        "$ref": "#/GitWorkflow_GitHubActions_Settings_AdvancedAction"
      }
    },
    "actions": [
      {
        "$refmerge": "#/GitWorkflow_GitHubActions_Settings_Actions"
      }
    ]
  },
  // GitWorkflow - Settings section
  "GitWokflow_Settings_SummaryEntries": [
    "LastUsedBuildConfiguration",
    "SDKVersion"
  ],
  "GitWorkflow_Settings_AdvancedAction": {
    "base": {
      "$refmerge": "/definitions/actions.json#/showAll"
    },
    "provider": "fileEdit"
  },
  "GitWorkflow_Settings": {
    "id": "Settings",
    "displayName": {
      "$ref": "strings:#/settingsSection"
    },
    "bodyModel": {
      "summaryEntries": [
        {
          "$refmerge": "#/GitWokflow_Settings_SummaryEntries"
        }
      ],
      "advancedAction": {
        "$ref": "#/GitWorkflow_Settings_AdvancedAction"
      }
    }
  },
  // GitWorkflow - Hosting section
  "GitWorkflow_Hosting_Actions": [
    {
      "id": "appServiceSettings",
      "provider": "azure"
    },
    {
      "id": "manageInAzurePortal",
      "provider": "azure"
    },
    {
      "id": "manageAppServiceApiInAzurePortal",
      "provider": "azure"
    },
    {
      "id": "attachDebugger",
      "provider": "azure"
    },
    {
      "id": "viewStreamingLogs",
      "provider": "azure"
    },
    {
      "id": "startApplication",
      "provider": "azure"
    },
    {
      "id": "stopApplication",
      "provider": "azure"
    },
    {
      "id": "downloadPublishProfile",
      "provider": "azure"
    },
    {
      "id": "openTroubleshootingGuide",
      "provider": "default"
    }
  ],
  "GitWorkflow_Hosting_SummaryEntries": [
    "SubscriptionFromResourceId",
    "ResourceGroupFromResourceId",
    "ResourceNameFromResourceId"
  ],
  "GitWorkflow_Hosting_AdvancedLink": {
    "displayName": {
      "$ref": "strings:#/site"
    }
  },
  "GitWorkflow_Hosting_DynamicDataPoints": [
    "azureSiteFetched"
  ],
  "GitWorkflow_Hosting": {
    "id": "Hosting",
    "displayName": {
      "$ref": "strings:#/hostingSection"
    },
    "bodyModel": {
      "summaryEntries": [
        {
          "$refmerge": "#/GitWorkflow_Hosting_SummaryEntries"
        }
      ],
      "advancedLink": {
        "$ref": "#/GitWorkflow_Hosting_AdvancedLink"
      }
    },
    "actions": [
      {
        "$refmerge": "#/GitWorkflow_Hosting_Actions"
      }
    ],
    "dynamicDataPoints": [
      {
        "$refmerge": "#/GitWorkflow_Hosting_DynamicDataPoints"
      }
    ]
  },
  // GitWorkflow -Function App Hosting section
  "GitWorkflow_FunctionApp_Hosting_Actions": [
    {
      "id": "appServiceSettingsWithLocalSettings",
      "provider": "azure"
    },
    {
      "id": "manageInAzurePortal",
      "provider": "azure"
    },
    {
      "id": "manageFunctionAppApiInAzurePortal",
      "provider": "azure"
    },
    {
      "id": "attachDebugger",
      "provider": "azure"
    },
    {
      "id": "viewStreamingLogs",
      "provider": "azure"
    },
    {
      "id": "startApplication",
      "provider": "azure"
    },
    {
      "id": "stopApplication",
      "provider": "azure"
    },
    {
      "id": "downloadPublishProfile",
      "provider": "azure"
    }
  ],
  "GitWorkflow_FunctionApp_Hosting": {
    "id": "Hosting",
    "displayName": {
      "$ref": "strings:#/hostingSection"
    },
    "bodyModel": {
      "summaryEntries": [
        {
          "$refmerge": "#/GitWorkflow_Hosting_SummaryEntries"
        }
      ],
      "advancedLink": {
        "$ref": "#/GitWorkflow_Hosting_AdvancedLink"
      }
    },
    "actions": [
      {
        "$refmerge": "#/GitWorkflow_FunctionApp_Hosting_Actions"
      }
    ],
    "dynamicDataPoints": [
      {
        "$refmerge": "#/GitWorkflow_Hosting_DynamicDataPoints"
      }
    ]
  },
  "GitWorkflow_StaticWebApp_Settings": {
    "id": "Settings",
    "displayName": {
      "$ref": "strings:#/settingsSection"
    },
    "bodyModel": {
      "summaryEntries": [
        "AppLocation",
        "ApiLocation",
        "OutputLocation"
      ],
      "advancedAction": {
        "$ref": "#/GitWorkflow_Settings_AdvancedAction"
      }
    }
  },
  //GitWorkflow - Static Web App Hosting section
  "GitWorkflow_StaticWebApp_Hosting_Actions": [
    {
      "id": "appServiceSettingsWithLocalSettings",
      "provider": "azure"
    },
    {
      "id": "manageInAzurePortal",
      "provider": "azure"
    }
  ],
  "GitWorkflow_StaticWebApp_Hosting": {
    "id": "Hosting",
    "displayName": {
      "$ref": "strings:#/hostingSection"
    },
    "bodyModel": {
      "summaryEntries": [
        {
          "$refmerge": "#/GitWorkflow_Hosting_SummaryEntries"
        },
        "Source",
        "Environment"
      ],
      "advancedLink": {
        "$ref": "#/GitWorkflow_Hosting_AdvancedLink"
      }
    },
    "actions": [
      {
        "$refmerge": "#/GitWorkflow_StaticWebApp_Hosting_Actions"
      }
    ],
    "dynamicDataPoints": [
      {
        "$refmerge": "#/GitWorkflow_Hosting_DynamicDataPoints"
      },
      "staticWebAppSiteFetched"
    ]
  },
  // GitWorkflow - Dependencies section
  "GitWorkflow_Dependencies_DynamicDataPoints": [
    "azureSiteFetchedDependency"
  ],
  "GitWorkflow_Dependencies": {
    "id": "Dependencies",
    "displayName": {
      "$ref": "strings:#serviceDependenciesSection"
    },
    "dynamicDataPoints": [
      {
        "$refmerge": "#/GitWorkflow_Dependencies_DynamicDataPoints"
      }
    ]
  },
  "NetSdkContainerRegistry_DynamicData": [
    {
      "id": "containerPublishDockerfileDetectedMessage",
      "kind": "message",
      "runOnClient": true,
      "trigger": "Activate",
      "order": 3
    }
  ],
  "NetSdkContainerRegistry_PublishSettings": {
    "prePublish": [
      {
        "$refmerge": "#/NetSdkContainerRegistry_PublishSettings_Prepublish"
      }
    ]
  },
  "NetSdkContainerRegistry_PublishSettings_Prepublish": [
    "checkNetSdkContainerPrereq",
    "containerRegistryCredentials"
  ],
  "OnPublishSuccessSiteOpenUrlProperties": {
    "OnPublishSuccessOpenUrlActionId": "openUrl",
    "OnPublishSuccessOpenUrlActionProviderId": "default",
    "OnPublishSuccessOpenUrlProperty": "SiteUrlToLaunchAfterPublish",
    "OnPublishSuccessOpenUrlText": { "$ref": "strings:#/openSite" }
  },
  "OnPublishSuccessFolderOpenUrlProperties": {
    "OnPublishSuccessOpenUrlActionId": "openFolder",
    "OnPublishSuccessOpenUrlActionProviderId": "default",
    "OnPublishSuccessOpenUrlText": { "$ref": "strings:#/openFolder" }
  }
}
