{
  "hasDefaultsForAllFields": false,
  "requirements": [
    "vsWebWorkload",
    "azdCLI"
  ],
  "editSteps": [
    {
      "id": "AspireAzDevEnvironmentEditStep",
      "dynamicProperties": []
    }
  ],
  "staticProperties": {
    "TargetId": "AspireAzDevEnvironment",
    "PersistableTarget": true,
    "WebPublishMethod": "AzDev"
  },
  "dynamicProperties": {
  },
  "dynamicValues": {
    "AzdContext": {
      "$ref": "/definitions/editProperties.json#/AzdContext"
    }
  },
  "persistence": {
    "operations": [
      {
        "kind": "create",
        "publishMethod": "AzDev",
        "handlerId": "AzDevEnvironment",
        "targetedPropertyNames": {
          "default": [
            "AzdContext",
            "EnvironmentName",
            "AspireAzDevEnvironment"
          ]
        },
        "preprocessors": [
          {
            "id": "AspireEnvironment",
            "isRequired": true,
            "arguments": {}
          }
        ]
      }
    ]
  }
}
