{
  "hasDefaultsForAllFields": { "$ref": "/profileConfigs/edit/azureAppServiceContainerLinux.json#/hasDefaultsForAllFields" },
  "requirements": { "$ref": "/profileConfigs/edit/azureAppServiceContainerLinux.json#/requirements" },
  "editSteps": [
    { "$refmerge": "/profileConfigs/edit/azureAppServiceContainerLinux.json#/editSteps" },
    {
      "id": "ApiMApiSelectCreateStep",
      "dynamicProperties": []
    }
  ],
  "staticProperties": { "$ref": "/profileConfigs/edit/azureAppServiceContainerLinux.json#/staticProperties" },
  "dynamicProperties": { "$ref": "/profileConfigs/edit/azureAppServiceContainerLinux.json#/dynamicProperties" },
  "persistence": {
    "handlerId": { "$ref": "/profileConfigs/edit/azureAppServiceContainerLinux.json#/persistence/handlerId" },
    "profileBaseName": { "$ref": "/profileConfigs/edit/azureAppServiceContainerLinux.json#/persistence/profileBaseName" },
    "targetedPropertyNames": {
      "default": [
        { "$refmerge": "/profileConfigs/edit/azureAppServiceContainerLinux.json#/persistence/targetedPropertyNames/default" },
        "ApiResourceId",
        "OpenApiDocumentName",
        "UpdateApiOnPublish"
      ],
      "private": { "$ref": "/profileConfigs/edit/azureAppServiceContainerLinux.json#/persistence/targetedPropertyNames/private" }
    },
    "preprocessors": { "$ref": "/profileConfigs/edit/azureAppServiceContainerLinux.json#/persistence/preprocessors" }
  }
}
