{
  "hasDefaultsForAllFields": { "$ref": "/profileConfigs/edit/azureFunctionAppContainerLinux.json#/hasDefaultsForAllFields" },
  "requirements": { "$ref": "/profileConfigs/edit/azureFunctionAppContainerLinux.json#/requirements" },
  "editSteps": [
    { "$refmerge": "/profileConfigs/edit/azureFunctionAppContainerLinux.json#/editSteps" },
    { "$refmerge": "/definitions/editsteps.json#/APIManagementSelectCreate" }
  ],
  "staticProperties": { "$ref": "/profileConfigs/edit/azureFunctionAppContainerLinux.json#/staticProperties" },
  "dynamicProperties": {
  },
  "persistence": {
    "handlerId": "Pubxml",
    "profileBaseName": "FunctionApp",
    "targetedPropertyNames": {
      "default": [
        { "$refmerge": "/profileConfigs/edit/azureFunctionAppContainerLinux.json#/persistence/targetedPropertyNames/default" },
        { "$refmerge": "/definitions/editProperties.json#/APIManagementAppServiceTargetedProperties" }
      ],
      "private": {
        "$ref": "/profileConfigs/edit/azureFunctionAppContainerLinux.json#/persistence/targetedPropertyNames/private"
      }
    },
    "preprocessors": [
    ]
  }
}
