{
  "hasDefaultsForAllFields": {
    "$ref": "/profileConfigs/edit/azureAppServiceWindowsWithApi.json#/hasDefaultsForAllFields"
  },
  "requirements": {
    "$ref": "/profileConfigs/edit/azureAppServiceWindowsWithApi.json#/requirements"
  },
  "editSteps": [
    {
      "$refmerge": "/profileConfigs/edit/azureAppServiceWindowsWithApi.json#/editSteps"
    },
    {
      "id": "PublishModeEditStep",
      "dynamicProperties": []
    }
  ],
  "staticProperties": {
    "AzCli": { "$refmerge": "/definitions/properties.json#/AzCliAppServiceApiM" },
    "ApiSpecificationFile": "swagger.json",
    "AppServiceKind": "app",
    "AzureServiceCreatedFromHandler": false,
    "DoNotUseSPN": "true",
    "ExcludeAppDataProperty": false,
    "GitHubWorkflowFactoryId": "appServiceApiMWorkflowFactory",
    "GitHubWorkflowProfilePublishProvider": "azureAppServiceApiMWindows",
    "GitHubWorkflowProfileVisualFactoryId": "AzureServiceGitWorkflow",
    "GitHubWorkflowTemplatePath": "workflows/azureAppServiceApiMWindows.yml",
    "HasServicePrincipalSecret": true,
    "IsDotNetCoreWeb": true,
    "IsLinuxAzureService": false,
    "IsZipDeployDefaultMethod": false,
    "IsZipDeploySelectable": true,
    "Launcher": "AppServicePublish",
    "OnDemandTargetConfigId": "azureAppServiceWindowsWithApi",
    "OnGitTargetConfigId": "azureAppServiceWindowsWithApiPublishMode",
    "ProfileVisualFactoryId": "AzureAppService",
    "ProjectOutputPath": "publish",
    "PublishProvider": "AzureWebSite",
    "SwashBuckleAspNetCoreCliVersion": "5.6.3",
    "SwashBuckleDotNetCoreVersion": "3.1.x",
    "WebPublishMethod": "MSDeploy"
  },
  "dynamicProperties": {
    "$ref": "/profileConfigs/edit/azureAppServiceWindowsWithApi.json#/dynamicProperties"
  },
  "dynamicValues": {
    "DotNetCoreVersion": {
      "$ref": "/definitions/editProperties.json#/AppServiceDotNetCoreVersion"
    },
    "LastUsedBuildConfiguration": {
      "$ref": "/definitions/editProperties.json#/ProjectConfiguration"
    },
    "LastUsedPlatform": {
      "$ref": "/definitions/editProperties.json#/PlatformConfiguration"
    },
    "ProjectPath": {
      "$ref": "/definitions/editProperties.json#/ProjectRelativeDirectory"
    },
    "DotNetVersionSupportDisposition": {
      "$ref": "/definitions/editProperties.json#/DotNetVersionSupportDisposition"
    },
    "TargetFrameworks": {
      "$ref": "/definitions/editProperties.json#/TargetFrameworks"
    }
  },
  "persistence": {
    "handlerId": "Pubyaml",
    "enabled": true,
    "profileBaseName": {
      "$ref": "/profileConfigs/edit/azureAppServiceWindowsWithApi.json#/persistence/profileBaseName"
    },
    "targetedPropertyNames": {
      "default": [
        { "$refmerge": "/definitions/editProperties.json#/APIManagementGitHubTargetedProperties" },
        "ApiImportDllPath",
        "ApiSpecificationFile",
        "AzureServiceName",
        "AzureServiceResourceGroup",
        "AzureServiceResourceId",
        "AzureServiceResourceType",
        "AzureServiceParentResourceId",
        "AzureServicePrincipal",
        "AzureServicePrincipalError",
        "AzureServicePrincipalException",
        "AzureServiceSlotName",
        "AzureServiceSubscriptionId",
        "AppServiceUrl",
        "AzureWebSite",
        "DotNetCoreVersion",
        "DotNetVersionSupportDisposition",
        "DoNotUseSPN",
        "GitHubCurrentRepository",
        "GitHubWorkflowFactoryId",
        "GitHubWorkflowTemplatePath",
        "GitHubWorkflowProvisionedTemplateId",
        "HasPublishProfileSecret",
        "HasServicePrincipalSecret",
        "IsLinuxAzureService",
        "LastUsedBuildConfiguration",
        "OpenApiDocumentName",
        "ProjectName",
        "ProjectOutputPath",
        "ProjectPath",
        "SiteUrlToLaunchAfterPublish",
        "SwashBuckleAspNetCoreCliVersion",
        "SwashBuckleDotNetCoreVersion",
        "TargetFrameworks",
        "WebsiteBasicAuthPublish"
      ]
    },
    "preprocessors": [
      {
        "id": "YamlAzurePreprocessor",
        "isRequired": true,
        "arguments": {}
      },
      {
        "id": "PublishSettingPreprocessor",
        "isRequired": true,
        "arguments": {
          "propertyNames": "SiteUrlToLaunchAfterPublish"
        }
      },
      {
        "id": "ApiManagementPreprocessor",
        "isRequired": true,
        "arguments": {
          "NoApiGitHubWorkflowFactoryId": {
            "$ref": "/profileConfigs/edit/azureAppServiceWindowsWithPublishMode.json#/staticProperties/GitHubWorkflowFactoryId"
          },
          "NoApiGitHubWorkflowTemplatePath": {
            "$ref": "/profileConfigs/edit/azureAppServiceWindowsWithPublishMode.json#/staticProperties/GitHubWorkflowTemplatePath"
          }
        }
      },
      {
        "id": "WorkflowSecretPreprocessor",
        "isRequired": true,
        "arguments": {}
      },
      {
        "id": "NormalizePathPreprocessor",
        "isRequired": true,
        "arguments": {
          "propertyNames": "ProjectPath,ProjectOutputPath,ApiImportDllPath"
        }
      }
    ]
  }
}
