{
  "hasDefaultsForAllFields": false,
  "requirements": [
    "vsWebWorkload"
  ],
  "editSteps": [
    {
      "id": "ContainerAppSelectCreateStep",
      "dynamicProperties": []
    },
    {
      "id": "ContainerRegistrySelectCreateStep",
      "dynamicProperties": []
    },
    {
      "id": "ContainerBuildEditStep",
      "dynamicProperties": []
    }
  ],
  "staticProperties": {
    "EnableSdkContainerSupport": true,
    "ExcludeAppDataProperty": false,
    "IsContainerRegistryRequired": true,
    "IsLinuxAzureService": true,
    "Launcher": "AzureContainerApp",
    "ProfileVisualFactoryId": "AzureContainerApp",
    "PublishProvider": "AzureContainerApp",
    "ContainerAppStepId": "AzureContainerAppLinux"
  },
  "dynamicValues": {
    "ContainerBuildType": {
      "$ref": "/definitions/editProperties.json#/ContainerBuildType"
    },
    "HasDockerSupport": {
      "$ref": "/definitions/editProperties.json#/HasDockerSupport"
    },
    "HasNetSkdContainerSupport": {
      "$ref": "/definitions/editProperties.json#/HasNetSkdContainerSupport"
    },
    "IsARM64Process": {
      "$ref": "/definitions/editProperties.json#/IsARM64Process"
    },
    "LastUsedBuildConfiguration": {
      "$ref": "/definitions/editProperties.json#/ProjectConfiguration"
    },
    "LastUsedPlatform": {
      "$ref": "/definitions/editProperties.json#/PlatformConfiguration"
    }
  },
  "persistence": {
    "handlerId": "Pubxml",
    "profileBaseName": "ContainerApp",
    "targetedPropertyNames": {
      "default": [
        "ContainerName",
        "ContainerResourceId",
        "ContainerResourceName",
        "DockerPublish",
        "EnvironmentName",
        "Fqdn",
        "LaunchSiteAfterPublish",
        "LastUsedBuildConfiguration",
        "LastUsedPlatform",
        "ProjectGuid",
        "PublishProvider",
        "RegistryUrl",
        "ResourceGroup",
        "ResourceId",
        "RuntimeIdentifier",
        "SiteUrlToLaunchAfterPublish",
        "Subscription",
        "Subtype",
        "WebPublishMethod"
      ],
      "private": [
      ]
    },
    "preprocessors": [
    ]
  }
}
