{
  "hasDefaultsForAllFields": {
    "$ref": "/profileConfigs/edit/azureSpringCloudSteelToe.json#/hasDefaultsForAllFields"
  },
  "requirements": {
    "$ref": "/profileConfigs/edit/azureSpringCloudSteelToe.json#/requirements"
  },
  "editSteps": [
    {
      "$refmerge": "/profileConfigs/edit/azureSpringCloudSteelToe.json#/editSteps"
    },
    {
      "id": "PublishModeEditStep",
      "dynamicProperties": []
    }
  ],
  "staticProperties": {
    "base": {
      "$refmerge": "/profileConfigs/edit/azureSpringCloudSteelToe.json#/staticProperties"
    },
    "AzCli": { "$refmerge": "/definitions/properties.json#/AzCliSpringCloudSteelToe" },
    "GitHubWorkflowFactoryId": "azureSpringCloudWorkflowFactory",
    "GitHubWorkflowProfilePublishProvider": "azureSpringCloudAppLinux",
    "GitHubWorkflowProfileVisualFactoryId": "AzureServiceGitWorkflow",
    "GitHubWorkflowTemplatePath": "workflows/azureSpringCloud.yml",
    "HasServicePrincipalSecret": true,
    "OnDemandTargetConfigId": "azureSpringCloudSteelToe",
    "OnGitTargetConfigId": "azureSpringCloudSteelToeWithPublishMode",
    "ProjectOutputPath": "./published",
    "ZipFileName": "file.zip"
  },
  "dynamicProperties": {
    "$ref": "/profileConfigs/edit/azureSpringCloudSteelToe.json#/dynamicProperties"
  },
  "dynamicValues": {
    "DotNetCoreVersion": {
      "$ref": "/definitions/editProperties.json#/DotNetCoreVersion"
    },
    "LastUsedBuildConfiguration": {
      "$ref": "/definitions/editProperties.json#/ProjectConfiguration"
    },
    "LastUsedPlatform": {
      "$ref": "/definitions/editProperties.json#/PlatformConfiguration"
    },
    "ProjectPath": {
      "$ref": "/definitions/editProperties.json#/ProjectRelativeDirectory"
    },
    "TargetFrameworks": {
      "$ref": "/definitions/editProperties.json#/TargetFrameworks"
    }
  },
  "persistence": {
    "handlerId": "Pubyaml",
    "enabled": true,
    "profileBaseName": {
      "$ref": "/profileConfigs/edit/azureSpringCloudSteelToe.json#/persistence/profileBaseName"
    },
    "targetedPropertyNames": {
      "default": [
        "AzureServiceName",
        "AzureServicePrincipal",
        "AzureServicePrincipalError",
        "AzureServicePrincipalException",
        "AzureServiceResourceGroup",
        "AzureServiceSecretPublishProfile",
        "DeploymentName",
        "DotNetCoreVersion",
        "EntryPoint",
        "GitHubCurrentRepository",
        "GitHubWorkflowFactoryId",
        "GitHubWorkflowTemplatePath",
        "HasServicePrincipalSecret",
        "LastUsedBuildConfiguration",
        "ResourceGroup",
        "ResourceId",
        "ParentServiceName",
        "ProjectGuid",
        "ProjectOutputPath",
        "ProjectPath",
        "PublishProvider",
        "TargetFrameworks",
        "ZipFileName"
      ]
    },
    "preprocessors": [
      {
        "id": "YamlAzurePreprocessor",
        "isRequired": true,
        "arguments": {
          "primaryStepId": "AzureSpringCloudSelectCreateStep"
        }
      },
      {
        "id": "WorkflowSecretPreprocessor",
        "isRequired": true,
        "arguments": {}
      },
      {
        "id": "EntryPointPreprocessor",
        "isRequired": true,
        "arguments": {
        }
      }
    ]
  }
}
