{
  "hasDefaultsForAllFields": {
    "$ref": "/profileConfigs/edit/azureFunctionApp.json#/hasDefaultsForAllFields"
  },
  "requirements": {
    "$ref": "/profileConfigs/edit/azureFunctionApp.json#/requirements"
  },
  "editSteps": [
    {
      "$refmerge": "/profileConfigs/edit/azureFunctionApp.json#/editSteps"
    },
    {
      "id": "PublishModeEditStep",
      "dynamicProperties": []
    }
  ],
  "staticProperties": {
    "AzCli": { "$refmerge": "/definitions/properties.json#/AzCliWebsite" },
    "AppServiceKind": "functionapp",
    "AzureServiceCreatedFromHandler": false,
    "ExcludeAppDataProperty": false,
    "GitHubWorkflowFactoryId": "functionAppWorkflowFactory",
    "GitHubWorkflowProfilePublishProvider": "azureFunctionAppLinux",
    "GitHubWorkflowProfileVisualFactoryId": "AzureServiceGitWorkflow",
    "GitHubWorkflowTemplatePath": "workflows/azureFunctionAppLinux.yml",
    "HasServicePrincipalSecret": true,
    "IsLinuxAzureService": true,
    "IsZipDeployDefaultMethod": true,
    "IsZipDeploySelectable": true,
    "Launcher": "AppServicePublish",
    "NoAppServiceKindSelection": "Yes",
    "OnDemandTargetConfigId": "azureFunctionApp",
    "OnGitTargetConfigId": "azureFunctionAppWithPublishMode",
    "ProfileVisualFactoryId": "AzureFunction",
    "ProjectOutputPath": "published",
    "PublishProvider": "AzureWebSite"
  },
  "dynamicProperties": {
    "$ref": "/profileConfigs/edit/azureFunctionApp.json#/dynamicProperties"
  },
  "dynamicValues": {
    "DotNetCoreVersion": {
      "$ref": "/definitions/editProperties.json#/FunctionsDotNetCoreVersion"
    },
    "DotNetVersionSupportDisposition": {
      "$ref": "/definitions/editProperties.json#/DotNetVersionSupportDisposition"
    },
    "FunctionsAdditionalDotNetCoreVersion": {
      "$ref": "/definitions/editProperties.json#/FunctionsInProcDotNetCoreVersion"
    },
    "FunctionsInProcDotNetSupportDisposition": {
      "$ref": "/definitions/editProperties.json#/FunctionsInProcDotNetSupportDisposition"
    },
    "FunctionsInProcTfm": {
      "$ref": "/definitions/editProperties.json#/FunctionsInProcTfm"
    },
    "LastUsedBuildConfiguration": {
      "$ref": "/definitions/editProperties.json#/ProjectConfiguration"
    },
    "ProjectPath": {
      "$ref": "/definitions/editProperties.json#/ProjectRelativeDirectory"
    },
    "TargetFrameworks": {
      "$ref": "/definitions/editProperties.json#/TargetFrameworks"
    }
  },
  "persistence": {
    "handlerId": "Pubyaml",
    "enabled": true,
    "profileBaseName": {
      "$ref": "/profileConfigs/edit/azureFunctionApp.json#/persistence/profileBaseName"
    },
    "targetedPropertyNames": {
      "default": [
        "AzureServiceName",
        "AzureServiceResourceGroup",
        "AzureServiceResourceId",
        "AzureServiceResourceType",
        "AzureServiceParentResourceId",
        "AzureServicePrincipal",
        "AzureServicePrincipalError",
        "AzureServicePrincipalException",
        "AzureServiceSlotName",
        "AzureServiceSubscriptionId",
        "AzureWebSite",
        "DotNetCoreVersion",
        "DotNetVersionSupportDisposition",
        "FunctionsInProcDotNetCoreVersion",
        "FunctionsInProcDotNetSupportDisposition",
        "GitHubCurrentRepository",
        "GitHubWorkflowFactoryId",
        "GitHubWorkflowTemplatePath",
        "GitHubWorkflowProvisionedTemplateId",
        "HasServicePrincipalSecret",
        "IsLinuxAzureService",
        "LastUsedBuildConfiguration",
        "ProjectOutputPath",
        "ProjectPath",
        "TargetFrameworks",
        "WebsiteBasicAuthPublish"
      ]
    },
    "preprocessors": [
      {
        "id": "NormalizePathPreprocessor",
        "isRequired": true,
        "arguments": {
          "propertyNames": "ProjectPath,ProjectOutputPath"
        }
      },
      {
        "id": "GitHubWorkflowEditConfigPreprocessor",
        "isRequired": true,
        "arguments": {
          "isPublishModeWithApi": "true"
        }
      },
      {
        "id": "YamlAzurePreprocessor",
        "isRequired": true,
        "arguments": {}
      },
      {
        "id": "WorkflowSecretPreprocessor",
        "isRequired": true,
        "arguments": {}
      }
    ]
  }
}
