{
  "hasDefaultsForAllFields": false,
  "requirements": [
    "vsWebWorkload"
  ],
  "editSteps": [
    {
      "id": "ContainerRegistryPlusAppService",
      "dynamicProperties": []
    },
    {
      "id": "ContainerRegistrySelectCreateStep",
      "dynamicProperties": []
    }
  ],
  "staticProperties": {
    "AppServiceKind": "app",
    "ExcludeAppDataProperty": false,
    "IsContainerRegistryRequired": true,
    "IsLinuxAzureService": true,
    "Launcher": "AppServiceWithContainerRegistryPublish",
    "ProfileVisualFactoryId": "AzureAppServiceContainer",
    "PublishProvider": "AppServiceContainer"
  },
  "dynamicProperties": {
  },
  "dynamicValues": {
    "UseGrpc": {
      "$ref": "/definitions/editProperties.json#/UseGrpc"
    }
  },
  "persistence": {
    "handlerId": "Pubxml",
    "profileBaseName": "AppService",
    "targetedPropertyNames": {
      "default": [
        "ContainerResourceId",
        "ContainerResourceName",
        "DockerPublish",
        "LaunchSiteAfterPublish",
        "LastUsedBuildConfiguration",
        "LastUsedPlatform",
        "RegistryUrl",
        "ResourceGroup",
        "ResourceId",
        "ProjectGuid",
        "PublishProvider",
        "SCMUrl",
        "SiteUrlToLaunchAfterPublish",
        "Subscription",
        "Subtype",
        "WebPublishMethod"
      ],
      "private": [
      ],
      "hostingDockerContainerPublish": [
        { "$refmerge": "/definitions/editProperties.json#/HostingAppServiceDockerContainerPublish" }
      ]
    },
    "preprocessors": [
      {
        "id": "LegacyPublishModelPreprocessor",
        "isRequired": true,
        "arguments": {}
      }
    ]
  }
}
