{
  "hasDefaultsForAllFields": {
    "$ref": "/profileConfigs/edit/azureAppServiceLinux.json#/hasDefaultsForAllFields"
  },
  "requirements": {
    "$ref": "/profileConfigs/edit/azureAppServiceLinux.json#/requirements"
  },
  "editSteps": [
    {
      "$refmerge": "/profileConfigs/edit/azureAppServiceLinux.json#/editSteps"
    },
    {
      "id": "PublishModeEditStep",
      "dynamicProperties": []
    }
  ],
  "staticProperties": {
    "AzCli": { "$refmerge": "/definitions/properties.json#/AzCliWebsite" },
    "AppServiceKind": "app",
    "AzureServiceCreatedFromHandler": false,
    "DoNotUseSPN": "true",
    "ExcludeAppDataProperty": false,
    "GitHubWorkflowFactoryId": "appServiceWorkflowFactory",
    "GitHubWorkflowProfilePublishProvider": "azureAppServiceLinux",
    "GitHubWorkflowProfileVisualFactoryId": "AzureServiceGitWorkflow",
    "GitHubWorkflowTemplatePath": "workflows/azureAppServiceLinux.yml",
    "HasServicePrincipalSecret": true,
    "IsDotNetCoreWeb": true,
    "IsLinuxAzureService": true,
    "IsZipDeployDefaultMethod": true,
    "IsZipDeploySelectable": false,
    "LanguageVersion": "net5.0",
    "Launcher": "AppServicePublish",
    "OnDemandTargetConfigId": "azureAppServiceLinux",
    "OnGitTargetConfigId": "azureAppServiceLinuxWithPublishMode",
    "ProfileVisualFactoryId": "AzureAppService",
    "ProjectOutputPath": "published",
    "PublishProvider": "AzureWebSite",
    "WebPublishMethod": "MSDeploy"
  },
  "dynamicProperties": {
    "$ref": "/profileConfigs/edit/azureAppServiceLinux.json#/dynamicProperties"
  },
  "dynamicValues": {
    "DotNetCoreVersion": {
      "$ref": "/definitions/editProperties.json#/AppServiceDotNetCoreVersion"
    },
    "LastUsedBuildConfiguration": {
      "$ref": "/definitions/editProperties.json#/ProjectConfiguration"
    },
    "ProjectPath": {
      "$ref": "/definitions/editProperties.json#/ProjectRelativeDirectory"
    },
    "DotNetVersionSupportDisposition": {
      "$ref": "/definitions/editProperties.json#/DotNetVersionSupportDisposition"
    },
    "TargetFrameworks": {
      "$ref": "/definitions/editProperties.json#/TargetFrameworks"
    },
    "UseGrpc": {
      "$ref": "/definitions/editProperties.json#/UseGrpc"
    }
  },
  "persistence": {
    "handlerId": "Pubyaml",
    "enabled": true,
    "profileBaseName": {
      "$ref": "/profileConfigs/edit/azureAppServiceLinux.json#/persistence/profileBaseName"
    },
    "targetedPropertyNames": {
      "default": [
        "AzureServiceName",
        "AzureServiceResourceId",
        "AzureServiceResourceGroup",
        "AzureServiceResourceType",
        "AzureServiceParentResourceId",
        "AzureServicePrincipal",
        "AzureServicePrincipalError",
        "AzureServicePrincipalException",
        "AzureServiceSlotName",
        "AzureServiceSubscriptionId",
        "AzureWebSite",
        "DotNetCoreVersion",
        "DotNetVersionSupportDisposition",
        "DoNotUseSPN",
        "GitHubCurrentRepository",
        "GitHubWorkflowFactoryId",
        "GitHubWorkflowTemplatePath",
        "GitHubWorkflowProvisionedTemplateId",
        "HasPublishProfileSecret",
        "HasServicePrincipalSecret",
        "IsLinuxAzureService",
        "LanguageVersion",
        "LastUsedBuildConfiguration",
        "ProjectOutputPath",
        "ProjectPath",
        "TargetFrameworks",
        "WebsiteBasicAuthPublish"
      ]
    },
    "preprocessors": [
      {
        "id": "NormalizePathPreprocessor",
        "isRequired": true,
        "arguments": {
          "propertyNames": "ProjectPath,ProjectOutputPath"
        }
      },
      {
        "id": "YamlAzurePreprocessor",
        "isRequired": true,
        "arguments": {}
      },
      {
        "id": "WorkflowSecretPreprocessor",
        "isRequired": true,
        "arguments": {}
      }
    ]
  }
}
