{
  "hasDefaultsForAllFields": {
    "$ref": "/profileConfigs/edit/azureContainerAppLinux.json#/hasDefaultsForAllFields"
  },
  "requirements": {
    "$ref": "/profileConfigs/edit/azureContainerAppLinux.json#/requirements"
  },
  "editSteps": [
    {
      "id": "ContainerAppEnvironmentCreateStep",
      "dynamicProperties": []
    },
    {
      "id": "ContainerRegistrySelectCreateStep",
      "dynamicProperties": []
    },
    {
      "id": "SolutionProjectsEditSteps",
      "dynamicProperties": []
    }
  ],
  "staticProperties": {
    "AzCli": { "$refmerge": "/definitions/properties.json#/AzCliContainerAppEnvironment" },
    "AzureServiceCreatedFromHandler": false,
    "DotNetCoreVersion": "7.0.x",
    "EnableSdkContainerSupport": true,
    "ExcludeAppDataProperty": false,
    "IsLinuxAzureService": true,
    "Launcher": "AppServicePublish",
    "GitHubWorkflowFactoryId": "containerAppLinuxWorkflowFactory",
    "GitHubWorkflowProfilePublishProvider": "azureContainerAppLinux",
    "GitHubWorkflowProfileVisualFactoryId": "AzureServiceGitWorkflow",
    "HasContainerRegistrySecret": true,
    "HasServicePrincipalSecret": true,
    "OnDemandTargetConfigId": "azureContainerAppLinux",
    "OnGitTargetConfigId": "azureContainerAppLinuxWithPublishMode",
    "LastUsedBuildConfiguration": "Release",
    "PersistableTarget": true,
    "ProfileVisualFactoryId": "AzureContainerApp",
    "ProjectOutputPath": "published",
    "PublishProvider": "ContainerApp",
    "TargetConfigId": "azureContainerAppLinuxSolution",
    "WebPublishMethod": "Git"
  },
  "dynamicValues": {
  },
  "persistence": {
    "operations": [
      {

        "handlerId": "Pubyaml",
        "enabled": true,
        "profileBaseName": "ContainerApp",
        "targetedPropertyNames": {
          "default": [
            "AzureServiceName",
            "AzureServiceName_ContainerRegistry",
            "AzureServiceParentResourceId",
            "AzureServicePrincipal",
            "AzureServiceResourceGroup",
            "AzureServiceResourceId",
            "AzureServiceResourceType",
            "AzureServiceSecretPublishProfile",
            "AzureServiceSlotName",
            "AzureServiceSubscriptionId",
            "AzureWebSite",
            "ContainerName",
            "ContainerRegistryLoginServer_ContainerRegistry",
            "ContainerRegistrySecret",
            "DeployableProjects",
            "DotNetCoreVersion",
            "GitHubCurrentRepository",
            "GitHubWorkflowFactoryId",
            "GitHubWorkflowProfilePublishProvider",
            "GitHubWorkflowProfileVisualFactoryId",
            "HasContainerRegistrySecret",
            "HasServicePrincipalSecret",
            "LastUsedBuildConfiguration"
          ]
        },
        "preprocessors": [
          {
            "id": "NormalizePathPreprocessor",
            "isRequired": true,
            "arguments": {
              "propertyNames": "ProjectPath,ProjectOutputPath"
            }
          },
          {
            "id": "YamlAzurePreprocessor",
            "isRequired": true,
            "arguments": {
              "primaryStepId": "ContainerAppEnvironmentCreateStep"
            }
          },
          {
            "id": "YamlAzurePreprocessor",
            "isRequired": true,
            "arguments": {
              "primaryStepId": "ContainerRegistrySelectCreateStep",
              "outputPropertySuffix": "_ContainerRegistry"
            }
          },
          {
            "id": "WorkflowSecretPreprocessor",
            "isRequired": true,
            "arguments": {
              "containerRegistryStepId": "ContainerRegistrySelectCreateStep"
            }
          }
        ]
      }
    ]
  }
}
