{
  "hasDefaultsForAllFields": false,
  "requirements": [
    "vsWebWorkload"
  ],
  "editSteps": [
    {
      "$refmerge": "/profileConfigs/edit/azureStaticWebApp.json#/editSteps"
    },
    {
      "id": "DynamicPublishModeEditStep",
      "dynamicProperties": []
    }
  ],
  "staticProperties": {
    "AzCli": { "$refmerge": "/definitions/properties.json#/AzCliStaticWebApp" },
    "AzureServiceCreatedFromHandler": true,
    "Environment": "preview",
    "GitHubWorkflowFactoryId": "staticWebAppWorkflowFactory",
    "GitHubWorkflowProfilePublishProvider": "azureStaticWebApp",
    "GitHubWorkflowProfileVisualFactoryId": "AzureServiceGitWorkflow",
    "GitHubWorkflowTemplatePath": "workflows/azureStaticWeb.yml",
    "HasStaticWebAppSecret": true,
    "IsDotNetCoreWeb": true,
    "IsZipDeploySelectable": false,
    "OnDemandTargetConfigId": "azureStaticWebApp",
    "OnGitTargetConfigId": "azureStaticWebAppWithPublishMode",
    "OutputLocation": "wwwroot",
    "PersistableTarget": true,
    "ProfileVisualFactoryId": "AzureServiceGitWorkflow",
    "PublishProvider": "AzureStaticSite",
    "RuntimeIdentifier": "browser-wasm",
    "SelfContained": true,
    "WebPublishMethod": "SWACLI"
  },
  "dynamicProperties": {
  },
  "dynamicValues": {
    "LastUsedBuildConfiguration": {
      "$ref": "/definitions/editProperties.json#/ProjectConfiguration"
    },
    "LastUsedPlatform": {
      "$ref": "/definitions/editProperties.json#/PlatformConfiguration"
    }
  },
  "persistence": {
    "operations": [
      {
        "kind": "create",
        "publishMethod": "SWACLI",
        "handlerId": "Pubxml",
        "profileBaseName": "StaticWebApp",
        "targetedPropertyNames": {
          "default": [
            "WebPublishMethod",
            "ResourceId",
            "ResourceGroup",
            "LastUsedBuildConfiguration",
            "LastUsedPlatform",
            "RuntimeIdentifier",
            "SelfContained",
            "PublishProvider",
            "Environment",
            "Source",
            "OutputLocation",
            "SiteUrlToLaunchAfterPublish",
            "_TargetId"
          ],
          "private": []
        },
        "preprocessors": [
          {
            "id": "AzureEntityPreprocessor",
            "isRequired": true,
            "arguments": {}
          },
          {
            "id": "AzureStaticWebAppPreprocessor",
            "isRequired": true,
            "arguments": {}
          }
        ]
      },
      {
        "kind": "create",
        "publishMethod": "Git",
        "handlerId": "Pubyaml",
        "profileBaseName": "StaticWebApp",
        "targetedPropertyNames": {
          "default": [
            "ApiLocation",
            "AppLocation",
            "AzureServiceName",
            "AzureServicePrincipal",
            "AzureServiceResourceGroup",
            "AzureServiceResourceId",
            "AzureServiceResourceType",
            "AzureServiceSubscriptionId",
            "Branch",
            "Environment",
            "GitHubCurrentRepository",
            "GitHubWorkflowFactoryId",
            "GitHubWorkflowTemplatePath",
            "HasStaticWebAppSecret",
            "IsLinuxAzureService",
            "OutputLocation",
            "PublishProvider",
            "ProfileId",
            "ProfileVisualFactoryId",
            "ProjectOutputPath",
            "ProjectPath",
            "ResourceId",
            "ResourceGroup",
            "StaticWebAppToken",
            "Source"
          ]
        },
        "preprocessors": [
          {
            "id": "AzureEntityPreprocessor",
            "isRequired": true,
            "arguments": {}
          },
          {
            "id": "AzureStaticWebAppPreprocessor",
            "isRequired": true,
            "arguments": {}
          },
          {
            "id": "WorkflowSecretPreprocessor",
            "isRequired": true,
            "arguments": {}
          }
        ]
      }
    ]
  }
}
