{
  "hasDefaultsForAllFields": false,
  "editSteps": [
    {
      "id": "FTPEditStep",
      "dynamicProperties": []
    }
  ],
  "staticProperties": {
    "DeleteExistingFiles": false,
    "ExcludeApp_Data": false,
    "LaunchSiteAfterPublish": true,
    "PersistableTarget": true,
    "TimeStampOfAssociatedLegacyPublishXmlFile": "",
    "WebPublishMethod": "FTP"
  },
  "dynamicProperties": {
  },
  "dynamicValues": {
    "LastUsedBuildConfiguration": {
      "$ref": "/definitions/editProperties.json#/ProjectConfiguration"
    },
    "LastUsedPlatform": {
      "$ref": "/definitions/editProperties.json#/PlatformConfiguration"
    }
  },
  "persistence": {
    "propertyConfigurations": {
      "SiteUrlToLaunchAfterPublish": {
        "allowEmpty": true
      },
      "FtpSitePath": {
        "allowEmpty": true
      },
      "UserName": {
        "allowEmpty": true
      }
    },
    "operations": [
      {
        "kind": "create",
        "publishMethod": "FTP",
        "handlerId": "PubxmlWebsite",
        "profileBaseName": "FTPProfile",
        "targetedPropertyNames": {
          "default": [
            "WebPublishMethod",
            "LaunchSiteAfterPublish",
            "LastUsedBuildConfiguration",
            "LastUsedPlatform",
            "SiteUrlToLaunchAfterPublish",
            "ExcludeApp_Data",
            "publishUrl",
            "DeleteExistingFiles",
            "FtpPassiveMode",
            "FtpSitePath",
            "UserName",
            "_SavePWD",
            "_TargetId"
          ]
        },
        "preprocessors": []
      }
    ]
  }
}
