{
  "hasDefaultsForAllFields": false,
  "editSteps": [
    {
      "id": "IISWebDeployPackageEditStep",
      "dynamicProperties": []
    }
  ],
  "staticProperties": {
    "ExcludeApp_Data": false,
    "LaunchSiteAfterPublish": true,
    "PackageAsSingleFile": true,
    "PersistableTarget": true,
    "TimeStampOfAssociatedLegacyPublishXmlFile": "",
    "WebPublishMethod": "Package"
  },
  "dynamicProperties": {
  },
  "dynamicValues": {
    "LastUsedBuildConfiguration": {
      "$ref": "/definitions/editProperties.json#/ProjectConfiguration"
    },
    "LastUsedPlatform": {
      "$ref": "/definitions/editProperties.json#/PlatformConfiguration"
    },
    "ProjectGuid": {
      "$ref": "/definitions/editProperties.json#/ProjectGuid"
    }
  },
  "persistence": {
    "propertyConfigurations": {
      "SiteUrlToLaunchAfterPublish": {
        "allowEmpty": true
      },
      "TimeStampOfAssociatedLegacyPublishXmlFile": {
        "allowEmpty": true
      }
    },
    "operations": [
      {
        "kind": "create",
        "publishMethod": "Package",
        "handlerId": "Pubxml",
        "profileBaseName": "IISProfile",
        "targetedPropertyNames": {
          "default": [
            "WebPublishMethod",
            "LastUsedBuildConfiguration",
            "LastUsedPlatform",
            "SiteUrlToLaunchAfterPublish",
            "LaunchSiteAfterPublish",
            "ExcludeApp_Data",
            "ProjectGuid",
            "DesktopBuildPackageLocation",
            "PackageAsSingleFile",
            "DeployIisAppPath",
            "_TargetId"
          ],
          "private": [
            "TimeStampOfAssociatedLegacyPublishXmlFile"
          ]
        },
        "preprocessors": []
      }
    ]
  }
}
