{
  "hasDefaultsForAllFields": false,
  "editSteps": [
    {
      "id": "IISWebDeployEditStep",
      "dynamicProperties": []
    }
  ],
  "staticProperties": {
    "EnableMsDeployAppOffline": false,
    "EnableMSDeployBackup": true,
    "ExcludeApp_Data": false,
    "LaunchSiteAfterPublish": true,
    "MSDeployPublishMethod": "WMSVC",
    "PersistableTarget": true,
    "PublishProvider": "Custom",
    "RemoteSitePhysicalPath": "",
    "SkipExtraFilesOnServer": true,
    "WebPublishMethod": "MSDeploy"
  },
  "dynamicProperties": {
  },
  "dynamicValues": {
    "LastUsedBuildConfiguration": {
      "$ref": "/definitions/editProperties.json#/ProjectConfiguration"
    },
    "LastUsedPlatform": {
      "$ref": "/definitions/editProperties.json#/PlatformConfiguration"
    }
  },
  "persistence": {
    "propertyConfigurations": {
      "SiteUrlToLaunchAfterPublish": {
        "allowEmpty": true
      },
      "UserName": {
        "allowEmpty": true
      },
      "RemoteSitePhysicalPath": {
        "allowEmpty": true
      }
    },
    "operations": [
      {
        "kind": "create",
        "publishMethod": "MSDeploy",
        "handlerId": "PubxmlWebsite",
        "profileBaseName": "IISProfile",
        "targetedPropertyNames": {
          "default": [
            "WebPublishMethod",
            "LaunchSiteAfterPublish",
            "LastUsedBuildConfiguration",
            "LastUsedPlatform",
            "SiteUrlToLaunchAfterPublish",
            "ExcludeApp_Data",
            "ProjectGuid",
            "MSDeployServiceURL",
            "DeployIisAppPath",
            "RemoteSitePhysicalPath",
            "SkipExtraFilesOnServer",
            "MSDeployPublishMethod",
            "EnableMSDeployBackup",
            "EnableMsDeployAppOffline",
            "UserName",
            "_SavePWD",
            "_TargetId"
          ]
        },
        "preprocessors": [
          {
            "id": "MSDeployPropertiesPreprocessor",
            "isRequired": true,
            "arguments": {}
          }
        ]
      }
    ]
  }
}
