{
  "account": "Konto",
  "azureCategoryName": "Azure",
  "azureCategoryDescription": "Hostowanie aplikacji w chmurze firmy Microsoft",
  "azureCategoryMultipleTargetsDescription": "Której usługi platformy Azure chcesz użyć do hostowania aplikacji?",
  "containerRegistryCategoryName": "Rejestr kontenerów platformy Docker",
  "containerRegistryCategoryDescription": "Opublikuj aplikację w dowolnym obsługiwanym rejestrze kontenerów, który obsługuje obrazy platformy Docker",
  "containerRegistryCategoryMultipleTargetsDescription": "Którego rejestru kontenerów chcesz użyć do hostowania aplikacji?",
  "folderCategoryName": "Folder",
  "folderCategoryDescription": "Opublikuj aplikację w lokalnym folderze lub udziale plików",
  "folderCategoryMultipleTargetsDescription": "W którym lokalnym miejscu docelowym chcesz opublikować?",
  "ftpCategoryName": "Serwer FTP/FTPS",
  "ftpCategoryDescription": "Opublikuj swoją aplikację na serwerze FTP/FTPS",
  "iisCategoryName": "Serwer internetowy (IIS)",
  "iisCategoryDescription": "Opublikuj aplikację w usłudze IIS przy użyciu narzędzia Web Deploy lub pakietu narzędzia Web Deploy",
  "importCategoryName": "Importuj profil",
  "importCategoryDescription": "Importuj ustawienia publikowania, aby wdrożyć aplikację",
  "aspireAcaAzDevEnvironmentTargetName": "Azure Container Apps dla środowiska .NET Aspire",
  "aspireAcaAzDevEnvironmentTragetDescription": "Wdróż projekt środowiska .NET Aspire w usłudze Azure Container Apps za pomocą produktu Azure Developer CLI (azd)",
  "azureAppServiceContainerLinuxTargetName": "Kontener usługi Azure App Service",
  "azureAppServiceContainerLinuxTargetDescription": "Opublikuj aplikację jako obraz platformy Docker w usłudze Azure Container Registry i uruchamiaj ją w usłudze Azure App Service",
  "azureAppServiceLinuxTargetName": "Azure App Service (Linux)",
  "azureAppServiceLinuxTargetDescription": "Opublikuj kod swojej aplikacji w zarządzanej infrastrukturze, którą można łatwo skalować",
  "azureAppServiceWindowsTargetName": "Azure App Service (Windows)",
  "azureAppServiceWindowsTargetDescription": "Opublikuj kod swojej aplikacji w zarządzanej infrastrukturze, którą można łatwo skalować",
  "azureContainerAppLinuxTargetName": "Azure Container Apps (Linux)",
  "azureContainerAppLinuxTargetDescription": "Uruchamiaj skalowalne konteneryzowane aplikacje i mikrousługi na platformie bezserwerowej na platformie Azure",
  "azureContainerRegistryTargetName": "Azure Container Registry",
  "azureContainerRegistryTargetDescription": "Opublikuj aplikację jako obraz platformy Docker w usłudze Azure Container Registry",
  "azureFunctionAppContainerLinuxTargetName": "Kontener aplikacji funkcji platformy Azure",
  "azureFunctionAppContainerLinuxTargetDescription": "Opublikuj swoją aplikację jako obraz platformy Docker w usłudze Azure Container Registry i uruchamiaj ją jako aplikację funkcji platformy Azure",
  "azureFunctionAppLinuxTargetName": "Aplikacja funkcji platformy Azure (Linux)",
  "azureFunctionAppLinuxTargetDescription": "Opublikuj kod swojej aplikacji w bezserwerowym środowisku obliczeniowym, które jest skalowane dynamicznie i uruchamia kod na żądanie",
  "azureFunctionAppTargetName": "Aplikacja Azure Function",
  "azureFunctionAppTargetDescription": "Opublikuj kod swojej aplikacji w bezserwerowym środowisku obliczeniowym, które jest skalowane dynamicznie i uruchamia kod na żądanie",
  "azureKubernetesServiceTargetName": "Azure Kubernetes Service",
  "azureKubernetesServiceTargetDescription": "Zarządzaj klastrami Kubernetes na potrzeby orkiestracji kontenerów klasy korporacyjnej na platformie Azure",
  "azureSpringCloudSteelToeTargetName": "Azure Spring Cloud",
  "azureSpringCloudSteelToeTargetDescription": "Opublikuj kod aplikacji we w pełni zarządzanej usłudze z zarządzanymi składnikami usługi Spring Cloud w rejestrze usług i funkcji zarządzania konfiguracją.",
  "azureStaticWebAppTargetName": "Azure Static Web Apps",
  "azureStaticWebAppTargetDescription": "Opublikuj kod aplikacji na platformie bezserwerowej na platformie Azure",
  "azureVirtualMachineTargetName": "Maszyna wirtualna platformy Azure",
  "azureVirtualMachineTargetDescription": "Zarządzaj własną infrastrukturą",
  "azureWebJobsTargetName": "Azure WebJobs (Windows)",
  "azureWebJobsTargetDescription": "Opublikuj kod swojej aplikacji w zarządzanej infrastrukturze, którą można łatwo skalować",
  "azureWebJobsCreateNewText": "Utwórz nowe zadanie Azure WebJob...",
  "azureWebJobsDescription": "Wybierz istniejące zadanie Azure WebJob lub utwórz nowe",
  "azureWebJobsLinuxTargetName": "Azure WebJobs (Linux) (wersja zapoznawcza)",
  "azureWebJobsLinuxTargetDescription": "Opublikuj kod swojej aplikacji w zarządzanej infrastrukturze, którą można łatwo skalować",
  "dockerContainerRegistryTargetName": "Docker Hub",
  "dockerContainerRegistryTargetDescription": "Opublikuj aplikację jako obraz platformy Docker w usłudze Docker Hub",
  "dockerCustomContainerRegistryTargetName": "Inny rejestr kontenerów platformy Docker",
  "dockerCustomContainerRegistryTargetDescription": "Opublikuj aplikację jako obraz platformy Docker w dowolnym obsługiwanym rejestrze kontenerów",
  "ftpSitePath": "Ścieżka witryny FTP",
  "ftpPassiveMode": "Tryb pasywny FTP",
  "ftpTargetName": "Serwer FTP",
  "ftpTargetDescription": "Opublikuj kod swojej aplikacji na serwerze FTP",
  "iisAppPath": "Aplikacja IIS",
  "iisWebDeployTargetName": "Web Deploy",
  "iisWebDeployTargetDescription": "Opublikuj kod swojej aplikacji w usłudze IIS przy użyciu narzędzia Web Deploy",
  "iisWebDeployPackageTargetName": "Pakiet narzędzia Web Deploy",
  "iisWebDeployPackageTargetDescription": "Opublikuj kod swojej aplikacji w usłudze IIS przy użyciu pakietu narzędzia Web Deploy",
  "attentionRequired": "Wymagana uwaga",
  "azCopyService": "Azure Storage AzCopy",
  "azCopyServiceDescription": "Umożliwia kopiowanie plików do różnych usług platformy Azure",
  "apiLocation": "Lokalizacja interfejsu API",
  "appLocation": "Lokalizacja aplikacji",
  "azdCli": "Azure Developer CLI (azd)",
  "azdCliDescription": "Narzędzie typu open-source, które skraca czas, jaki jest wymagany do uzyskania aplikacji z lokalnego środowiska do tworzenia oprogramowania na platformie Azure. Zapewnia najlepsze rozwiązania, przyjazne dla deweloperów polecenia mapowane z kluczowymi etapami w przepływie pracy, niezależnie od tego, czy pracujesz na terminalu, w edytorze, zintegrowanym środowisku do tworzenia oprogramowania lub środowisku ciągłej integracji/ciągłego wdrażania.",
  "azdCliInstallFailure": "Nie można zainstalować produktu AZD. Kliknij link Dowiedz się więcej, aby zainstalować ręcznie. Po zainstalowaniu produktu AZD zamknij to okno dialogowe i spróbuj ponownie.",
  "azureApiManagement": "Azure API Management",
  "containerBuild": "Kompilacja kontenera",
  "containerAppsEnvironment": "Środowisko usługi Container Apps",
  "containerName": "Nazwa kontenera",
  "containerRegistry": "Rejestr kontenerów",
  "containerRegistrySecrets": "Klucze tajne rejestru kontenerów",
  "copied": "Skopiowano",
  "deleteAdditionalFiles": "Usuń dodatkowe pliki z lokalizacji docelowej",
  "deleteExistingFiles": "Usuń istniejące pliki",
  "deploymentMode": "Tryb wdrożenia",
  "deploymentSlot": "Miejsce wdrożenia",
  "defaultTargetName": "Domyślne",
  "defaultTargetDescription": "Domyślne",
  "dotnetEnvironment": "DOTNET_ENVIRONMENT",
  "editConfiguration": "Edytuj konfigurację",
  "editDeleteExistingFiles": "Edytuj usuwanie istniejących plików",
  "editDeploymentMode": "Edytuj tryb wdrożenia",
  "editPassword": "Edytuj hasło",
  "editSdkVersion": "Edytuj wersję zestawu SDK",
  "editTargetRuntime": "Edytuj docelowe środowisko uruchomieniowe",
  "editTargetVersion": "Edytuj platformę docelową",
  "editUserName": "Edytuj nazwę użytkownika",
  "editWebJobName": "Edytuj nazwę zadania sieci Web",
  "editWebJobType": "Edytuj typ zadania sieci Web",
  "editWorkflow": "Edytuj przepływ pracy",
  "environment": "Środowisko",
  "environmentName": "Nazwa środowiska",
  "error": "Błąd",
  "frameworkDependent": "Zależny od struktury",
  "githubGettingWorkflowStatus": "Pobieranie stanu przepływu pracy",
  "githubSecret": "Nazwa wpisu tajnego usługi GitHub",
  "githubSecretExists": "Nie znaleziono wpisu tajnego w repozytorium",
  "gitHubServicePrincipalSecret": "Nazwa wpisu tajnego dla jednostki usługi GitHub",
  "githubActionsWorkflow": "Przepływ pracy funkcji GitHub Actions",
  "github_secret_help_description": "W jaki sposób wpisy tajne są używane w przepływach pracy?",
  "github_serviceprincipal_help_description": "Dlaczego wymagana jest jednostka usługi?",
  "hostingSection": "Hosting",
  "imageName": "Nazwa obrazu",
  "imageTag": "Tag obrazu",
  "ingressTargetPort": "Port docelowy",
  "installSiteExtensions": "Zainstaluj rozszerzenie witryny ASP.NET Core",
  "lastUsedBuildConfiguration": "Konfiguracja",
  "location": "Lokalizacja",
  "logAnalyticsWorkspace": "Obszar roboczy usługi Log Analytics",
  "name": "Nazwa",
  "newEnvironment": "Nowe środowisko",
  "notProvisionedYet": "Jeszcze nie aprowizowano",
  "ok": "OK",
  "openFolder": "Otwórz folder",
  "openInAzurePortal": "Otwórz w witrynie Azure Portal",
  "openSite": "Otwórz witrynę",
  "outputLocation": "Lokalizacja wyjściowa",
  "password": "Hasło",
  "portable": "Przenośne",
  "publishProfileSecret": "Wpis tajny profilu publikacji",
  "repository": "Repozytorium",
  "resources": "Zasoby",
  "resourceGroup": "Grupa zasobów",
  "resourceName": "Nazwa zasobu",
  "sdkVersion": "Wersja zestawu .NET SDK",
  "selfContained": "Samodzielne",
  "server": "Serwer",
  "servicesSection": "Usługi",
  "serviceDependenciesSection": "Zależności usługi",
  "servicePrincipalSecret": "Wpis tajny jednostki usługi",
  "settingsSection": "Ustawienia",
  "showAll": "Pokaż wszystkie ustawienia",
  "siteUrl": "Adres URL witryny",
  "site": "Witryna:",
  "source": "Źródło",
  "subscription": "Subskrypcja",
  "targetFramework": "Platforma docelowa",
  "targetLocation": "Lokalizacja docelowa",
  "targetRuntime": "Docelowe środowisko uruchomieniowe",
  "userName": "Nazwa użytkownika",
  "vsWebWorkload": "Opracowywanie zawartości dla platformy ASP.NET i sieci Web",
  "vsWebWorkloadDescription": "Twórz aplikacje internetowe dla wielu platform przy użyciu technologii ASP.NET Core, ASP.NET, HTML/JavaScript i kontenerów, włącznie z obsługą platformy Docker.",
  "warning": "Ostrzeżenie",
  "willBeGeneratedDuringPublish": "<Will be generated during publish>",
  "webJobName": "Nazwa zadania WebJob",
  "webJobType": "Typ zadania WebJob",
  "workflowTriggers": "Wyzwalacze",
  "containerPrereqFailure": "Brak wymagań wstępnych kontenera.",
  "editCredentials": "Edytuj poświadczenia",
  "failedToGenerateAndPushSwagger": "Nie można wygenerować i wypchnąć definicji interfejsu OpenAPI do usługi API Management po wdrożeniu.",
  "failedToPushSwagger": "Nie można wypchnąć definicji interfejsu OpenAPI do usługi API Management po wdrożeniu.",
  "failedToPushToACRForAppService": "Nie można wypchnąć obrazu platformy Docker do usługi Azure Container Registry do użycia w usłudze Azure App Service.",
  "failedToPushToACRForContainerApps": "Nie można wypchnąć obrazu platformy Docker do usługi Azure Container Registry do użycia na platformie Azure Container Apps.",
  "failedToPushToContainerRegistry": "Nie można wypchnąć obrazu platformy Docker usługi Container Registry",
  "openInAppInsights": "Otwórz w usłudze Application Insights",
  "profileLacksCreds": "Aby opublikować ten profil, musi on mieć poświadczenia.",
  "seeLogsInOutputPane": "Zobacz dzienniki w oknie danych wyjściowych",
  "seeLogsInAzDevOuputPane": "Zobacz dzienniki w oknie danych wyjściowych AzDev",
  "siteDidNotStart": "Program Visual Studio nie może potwierdzić, że aplikacja mogła zostać uruchomiona.",
  "basicAuthDisabled": "Uwierzytelnianie podstawowe nie jest włączone dla wybranej usługi platformy Azure."
}