{
  "account": "계정",
  "azureCategoryName": "Azure",
  "azureCategoryDescription": "Microsoft 클라우드에 애플리케이션 호스트",
  "azureCategoryMultipleTargetsDescription": "애플리케이션을 호스트하는 데 사용할 Azure 서비스를 선택하세요.",
  "containerRegistryCategoryName": "Docker 컨테이너 레지스트리",
  "containerRegistryCategoryDescription": "Docker 이미지를 작업하는, 지원되는 모든 컨테이너 레지스트리에 애플리케이션 게시",
  "containerRegistryCategoryMultipleTargetsDescription": "애플리케이션을 호스트하는 데 사용할 컨테이너 레지스트리를 선택하세요.",
  "folderCategoryName": "폴더",
  "folderCategoryDescription": "애플리케이션을 로컬 폴더 또는 파일 공유에 게시",
  "folderCategoryMultipleTargetsDescription": "게시할 로컬 대상을 선택하세요.",
  "ftpCategoryName": "FTP/FTPS 서버",
  "ftpCategoryDescription": "FTP/FTPS 서버에 애플리케이션 게시",
  "iisCategoryName": "웹 서버(IIS)",
  "iisCategoryDescription": "웹 배포 또는 웹 배포 패키지를 사용하여 IIS에 애플리케이션 게시",
  "importCategoryName": "프로필 가져오기",
  "importCategoryDescription": "앱을 배포하기 위해 게시 설정 가져오기",
  "aspireAcaAzDevEnvironmentTargetName": ".NET Aspire용 Azure Container Apps",
  "aspireAcaAzDevEnvironmentTragetDescription": "Azure Developer CLI(azd)를 사용하여 Azure Container Apps에 .NET Aspire 프로젝트 배포",
  "azureAppServiceContainerLinuxTargetName": "Azure App Service 컨테이너",
  "azureAppServiceContainerLinuxTargetDescription": "Azure Container Registry에 애플리케이션을 Docker 이미지로 게시하고 Azure App Service에서 실행",
  "azureAppServiceLinuxTargetName": "Azure App Service(Linux)",
  "azureAppServiceLinuxTargetDescription": "스케일링하기 쉬운 관리형 인프라에 애플리케이션 코드 게시",
  "azureAppServiceWindowsTargetName": "Azure App Service(Windows)",
  "azureAppServiceWindowsTargetDescription": "스케일링하기 쉬운 관리형 인프라에 애플리케이션 코드 게시",
  "azureContainerAppLinuxTargetName": "Azure Container Apps(Linux)",
  "azureContainerAppLinuxTargetDescription": "Azure의 서버리스 플랫폼에서 확장 가능한 컨테이너화된 애플리케이션 및 마이크로 서비스 실행",
  "azureContainerRegistryTargetName": "Azure Container Registry",
  "azureContainerRegistryTargetDescription": "Azure Container Registry에 애플리케이션을 Docker 이미지로 게시",
  "azureFunctionAppContainerLinuxTargetName": "Azure 함수 앱 컨테이너",
  "azureFunctionAppContainerLinuxTargetDescription": "Azure Container Registry에 애플리케이션을 Docker 이미지로 게시하고 Azure 함수 앱에서 실행",
  "azureFunctionAppLinuxTargetName": "Azure 함수 앱(Linux)",
  "azureFunctionAppLinuxTargetDescription": "동적으로 스케일링되고 주문형으로 코드를 실행하는 서버리스 컴퓨팅에 애플리케이션 코드 게시",
  "azureFunctionAppTargetName": "Azure 함수 앱",
  "azureFunctionAppTargetDescription": "동적으로 스케일링되고 주문형으로 코드를 실행하는 서버리스 컴퓨팅에 애플리케이션 코드 게시",
  "azureKubernetesServiceTargetName": "Azure Kubernetes Service",
  "azureKubernetesServiceTargetDescription": "Azure에서 엔터프라이즈급 컨테이너 오케스트레이션을 위한 Kubernetes 클러스터 관리",
  "azureSpringCloudSteelToeTargetName": "Azure Spring Cloud",
  "azureSpringCloudSteelToeTargetDescription": "서비스 레지스트리와 구성 관리에서 관리형 Spring Cloud 구성 요소를 사용하여 완전 관리형 서비스에 애플리케이션 코드를 게시합니다.",
  "azureStaticWebAppTargetName": "Azure Static Web Apps",
  "azureStaticWebAppTargetDescription": "Azure의 서버리스 플랫폼에 애플리케이션 코드 게시",
  "azureVirtualMachineTargetName": "Azure 가상 머신",
  "azureVirtualMachineTargetDescription": "자체 인프라 관리",
  "azureWebJobsTargetName": "Azure WebJobs(Windows)",
  "azureWebJobsTargetDescription": "스케일링하기 쉬운 관리형 인프라에 애플리케이션 코드 게시",
  "azureWebJobsCreateNewText": "새 Azure WebJob 만들기...",
  "azureWebJobsDescription": "기존 Azure WebJobs를 선택하거나 새 Azure WebJobs 만들기",
  "azureWebJobsLinuxTargetName": "Azure WebJobs(Linux)(미리 보기)",
  "azureWebJobsLinuxTargetDescription": "스케일링하기 쉬운 관리형 인프라에 애플리케이션 코드 게시",
  "dockerContainerRegistryTargetName": "Docker Hub",
  "dockerContainerRegistryTargetDescription": "Docker Hub에 애플리케이션을 Docker 이미지로 게시",
  "dockerCustomContainerRegistryTargetName": "기타 Docker 컨테이너 레지스트리",
  "dockerCustomContainerRegistryTargetDescription": "지원되는 모든 컨테이너 레지스트리에 애플리케이션을 Docker 이미지로 게시",
  "ftpSitePath": "FTP 사이트 경로",
  "ftpPassiveMode": "FTP 수동 모드",
  "ftpTargetName": "FTP 서버",
  "ftpTargetDescription": "FTP 서버에 애플리케이션 코드 게시",
  "iisAppPath": "IIS 애플리케이션",
  "iisWebDeployTargetName": "웹 배포",
  "iisWebDeployTargetDescription": "웹 배포를 사용하여 IIS에 애플리케이션 코드 게시",
  "iisWebDeployPackageTargetName": "웹 배포 패키지",
  "iisWebDeployPackageTargetDescription": "웹 배포 패키지를 사용하여 IIS에 애플리케이션 코드 게시",
  "attentionRequired": "주의 필요",
  "azCopyService": "Azure Storage AzCopy",
  "azCopyServiceDescription": "다양한 Azure 서비스에 파일을 복사할 수 있도록 설정합니다.",
  "apiLocation": "API 위치",
  "appLocation": "앱 위치",
  "azdCli": "Azure Developer CLI(azd)",
  "azdCliDescription": "애플리케이션을 로컬 개발 환경에서 Azure로 가져오는 데 걸리는 시간을 가속화하는 오픈 소스 도구입니다. 터미널, 편집기, IDE(통합 개발 환경), CI/CD(연속 통합 및 지속적인 업데이트) 등 어디에서 작업하든 워크플로의 주요 단계에 매핑되는 모범 사례이자 개발자 친화적인 명령을 제공합니다.",
  "azdCliInstallFailure": "AZD를 설치할 수 없습니다. 수동으로 설치하려면 자세한 정보 링크를 클릭하세요. AZD가 설치되면 이 대화 상자를 닫고 다시 시도하세요.",
  "azureApiManagement": "Azure API Management",
  "containerBuild": "컨테이너 빌드",
  "containerAppsEnvironment": "Container Apps 환경",
  "containerName": "컨테이너 이름",
  "containerRegistry": "Container Registry",
  "containerRegistrySecrets": "컨테이너 레지스트리 비밀",
  "copied": "복사됨",
  "deleteAdditionalFiles": "대상에서 추가 파일 제거",
  "deleteExistingFiles": "기존 파일 삭제",
  "deploymentMode": "배포 모드",
  "deploymentSlot": "배포 슬롯",
  "defaultTargetName": "기본값",
  "defaultTargetDescription": "기본값",
  "dotnetEnvironment": "DOTNET_ENVIRONMENT",
  "editConfiguration": "구성 편집",
  "editDeleteExistingFiles": "기존 파일 삭제 편집",
  "editDeploymentMode": "배포 모드 편집",
  "editPassword": "암호 편집",
  "editSdkVersion": "SDK 버전 편집",
  "editTargetRuntime": "대상 런타임 편집",
  "editTargetVersion": "대상 프레임워크 편집",
  "editUserName": "사용자 이름 편집",
  "editWebJobName": "웹 작업 이름 편집",
  "editWebJobType": "웹 작업 유형 편집",
  "editWorkflow": "워크플로 편집",
  "environment": "환경",
  "environmentName": "환경 이름",
  "error": "오류",
  "frameworkDependent": "프레임워크 종속",
  "githubGettingWorkflowStatus": "워크플로 상태를 가져오는 중",
  "githubSecret": "GitHub 비밀 이름",
  "githubSecretExists": "리포지토리에서 비밀을 찾음",
  "gitHubServicePrincipalSecret": "GitHub 서비스 주체 비밀 이름",
  "githubActionsWorkflow": "GitHub Actions 워크플로",
  "github_secret_help_description": "워크플로에서 비밀은 어떻게 사용되나요?",
  "github_serviceprincipal_help_description": "서비스 주체가 필요한 이유는 무엇인가요?",
  "hostingSection": "호스팅",
  "imageName": "이미지 이름",
  "imageTag": "이미지 태그",
  "ingressTargetPort": "대상 포트",
  "installSiteExtensions": "ASP.NET Core 사이트 확장 설치",
  "lastUsedBuildConfiguration": "구성",
  "location": "위치",
  "logAnalyticsWorkspace": "Log Analytics 작업 영역",
  "name": "이름",
  "newEnvironment": "새 환경",
  "notProvisionedYet": "아직 프로비전되지 않음",
  "ok": "확인",
  "openFolder": "폴더 열기",
  "openInAzurePortal": "Azure Portal에서 열기",
  "openSite": "사이트 열기",
  "outputLocation": "출력 위치",
  "password": "암호",
  "portable": "이식 가능",
  "publishProfileSecret": "게시 프로필 비밀",
  "repository": "리포지토리",
  "resources": "리소스",
  "resourceGroup": "리소스 그룹",
  "resourceName": "리소스 이름",
  "sdkVersion": ".NET SDK 버전",
  "selfContained": "자체 포함",
  "server": "서버",
  "servicesSection": "서비스",
  "serviceDependenciesSection": "서비스 종속성",
  "servicePrincipalSecret": "서비스 주체 비밀",
  "settingsSection": "설정",
  "showAll": "모든 설정 표시",
  "siteUrl": "사이트 URL",
  "site": "사이트:",
  "source": "소스",
  "subscription": "구독",
  "targetFramework": "대상 프레임워크",
  "targetLocation": "대상 위치",
  "targetRuntime": "대상 런타임",
  "userName": "사용자 이름",
  "vsWebWorkload": "ASP.NET 및 웹 개발",
  "vsWebWorkloadDescription": "Docker 지원이 포함된 ASP.NET Core, ASP.NET, HTML/JavaScript 및 컨테이너를 사용하여 웹 애플리케이션을 빌드합니다.",
  "warning": "경고",
  "willBeGeneratedDuringPublish": "<게시 중 생성됨>",
  "webJobName": "WebJob 이름",
  "webJobType": "WebJob 형식",
  "workflowTriggers": "트리거",
  "containerPrereqFailure": "컨테이너 필수 구성 요소가 없습니다.",
  "editCredentials": "자격 증명 편집",
  "failedToGenerateAndPushSwagger": "배포 후 OpenAPI 정의를 생성하고 API Management로 푸시하지 못했습니다.",
  "failedToPushSwagger": "배포 후 OpenAPI 정의를 API Management로 푸시하지 못했습니다.",
  "failedToPushToACRForAppService": "Azure App Service에서 사용하기 위해 Docker 이미지를 Azure Container Registry로 푸시하는 작업이 실패했습니다.",
  "failedToPushToACRForContainerApps": "Azure Container App에서 사용하기 위해 Azure Container Registry에 Docker 이미지를 푸시하는 작업이 실패했습니다.",
  "failedToPushToContainerRegistry": "Docker 이미지를 Container Registry로 푸시하지 못했습니다.",
  "openInAppInsights": "Application Insights에서 열기",
  "profileLacksCreds": "이 프로필을 게시하려면 프로필에 자격 증명이 있어야 합니다.",
  "seeLogsInOutputPane": "출력 창에서 로그 보기",
  "seeLogsInAzDevOuputPane": "AzDev 출력 창에서 로그 보기",
  "siteDidNotStart": "Visual Studio 애플리케이션을 시작할 수 있는지 확인할 수 없습니다.",
  "basicAuthDisabled": "선택한 Azure 서비스에 대해 기본 인증을 사용할 수 없습니다."
}