{
  "account": "帳戶",
  "azureCategoryName": "Azure",
  "azureCategoryDescription": "將您的應用程式託管到 Microsoft 雲端",
  "azureCategoryMultipleTargetsDescription": "您想要使用哪一項 Azure 服務來代管您的應用程式?",
  "containerRegistryCategoryName": "Docker 容器登錄",
  "containerRegistryCategoryDescription": "將您的應用程式發佈到所有可使用 Docker 映像的受支援容器登錄",
  "containerRegistryCategoryMultipleTargetsDescription": "您想要使用哪個容器登錄來代管您的應用程式?",
  "folderCategoryName": "資料夾",
  "folderCategoryDescription": "將您的應用程式發佈到本機資料夾或檔案共用",
  "folderCategoryMultipleTargetsDescription": "您想要發佈到哪個本機目標?",
  "ftpCategoryName": "FTP/FTPS 伺服器",
  "ftpCategoryDescription": "將您的應用程式發行到 FTP/FTPS 伺服器",
  "iisCategoryName": "網頁伺服器 (IIS)",
  "iisCategoryDescription": "使用 Web Deploy 或 Web Deploy 套件，將您的應用程式發佈到 IIS",
  "importCategoryName": "匯入設定檔",
  "importCategoryDescription": "匯入您的發行設定以部署您的應用程式",
  "aspireAcaAzDevEnvironmentTargetName": "適用於 .NET Aspire 的 Azure 容器應用程式",
  "aspireAcaAzDevEnvironmentTragetDescription": "將您的 .NET Aspire 專案部署到具有 Azure Developer CLI (azd) 的 Azure 容器應用程式",
  "azureAppServiceContainerLinuxTargetName": "Azure App Service 容器",
  "azureAppServiceContainerLinuxTargetDescription": "將您的應用程式以 Docker 映像發佈到 Azure Container Registry，並在 Azure App Service 上執行",
  "azureAppServiceLinuxTargetName": "Azure App Service (Linux)",
  "azureAppServiceLinuxTargetDescription": "將您的應用程式程式碼發行到易於縮放的受控基礎結構",
  "azureAppServiceWindowsTargetName": "App Service (Windows)",
  "azureAppServiceWindowsTargetDescription": "將您的應用程式程式碼發行到易於縮放的受控基礎結構",
  "azureContainerAppLinuxTargetName": "Azure 容器應用程式 (Linux)",
  "azureContainerAppLinuxTargetDescription": "在 Azure 的無伺服器平台上執行可調整的容器化應用程式和微服務",
  "azureContainerRegistryTargetName": "Azure Container Registry",
  "azureContainerRegistryTargetDescription": "將您的應用程式以 Docker 映像發佈到 Azure Container Registry",
  "azureFunctionAppContainerLinuxTargetName": "Azure 函數應用程式容器",
  "azureFunctionAppContainerLinuxTargetDescription": "將您的應用程式以 Docker 映像發行到 Azure Container Registry，並在 Azure 函數應用程式上加以執行",
  "azureFunctionAppLinuxTargetName": "Azure 函數應用程式 (Linux)",
  "azureFunctionAppLinuxTargetDescription": "將您的應用程式程式碼發行到動態縮放並視需要執行程式碼的無伺服器計算",
  "azureFunctionAppTargetName": "Azure Function 應用程式",
  "azureFunctionAppTargetDescription": "將您的應用程式程式碼發行到動態縮放並視需要執行程式碼的無伺服器計算",
  "azureKubernetesServiceTargetName": "Azure Kubernetes Service",
  "azureKubernetesServiceTargetDescription": "管理 Azure 中企業級容器協調流程的 Kubernetes 叢集",
  "azureSpringCloudSteelToeTargetName": "Azure Spring Cloud",
  "azureSpringCloudSteelToeTargetDescription": "將您的應用程式程式碼，發佈至服務登錄及組態管理上具有受控 Spring Cloud 元件的完全受控服務。",
  "azureStaticWebAppTargetName": "Azure Static Web Apps",
  "azureStaticWebAppTargetDescription": "將您的應用程式碼發佈到 Azure 中的無伺服器平台",
  "azureVirtualMachineTargetName": "Azure 虛擬機器",
  "azureVirtualMachineTargetDescription": "管理您自己的基礎結構",
  "azureWebJobsTargetName": "Azure WebJobs (Windows)",
  "azureWebJobsTargetDescription": "將您的應用程式程式碼發行到易於縮放的受控基礎結構",
  "azureWebJobsCreateNewText": "建立新的 Azure WebJob...",
  "azureWebJobsDescription": "選取現有或建立新的 Azure WebJob",
  "azureWebJobsLinuxTargetName": "Azure WebJobs (Linux) (預覽)",
  "azureWebJobsLinuxTargetDescription": "將您的應用程式程式碼發行到易於縮放的受控基礎結構",
  "dockerContainerRegistryTargetName": "Docker Hub",
  "dockerContainerRegistryTargetDescription": "將您的應用程式以 Docker 映像發佈到 Docker Hub",
  "dockerCustomContainerRegistryTargetName": "其他 Docker 容器登錄",
  "dockerCustomContainerRegistryTargetDescription": "將您的應用程式以 Docker 映像發佈到所有受支援的容器登錄",
  "ftpSitePath": "FTP 網站路徑",
  "ftpPassiveMode": "FTP 被動模式",
  "ftpTargetName": "FTP 伺服器",
  "ftpTargetDescription": "將您的應用程式程式碼發行到 FTP 伺服器",
  "iisAppPath": "IIS 應用程式",
  "iisWebDeployTargetName": "Web Deploy",
  "iisWebDeployTargetDescription": "使用 Web Deploy，將您的應用程式程式碼發行到 IIS",
  "iisWebDeployPackageTargetName": "Web Deploy 套件",
  "iisWebDeployPackageTargetDescription": "使用 Web Deploy 套件，將您的應用程式程式碼發行到 IIS",
  "attentionRequired": "需要注意",
  "azCopyService": "Azure 儲存體 AzCopy",
  "azCopyServiceDescription": "允許將檔案複製到各種 Azure 服務",
  "apiLocation": "API 位置",
  "appLocation": "應用程式位置",
  "azdCli": "Azure Developer CLI (azd)",
  "azdCliDescription": "開放原始碼工具，可加速您將應用程式從本機開發環境取得到 Azure 所需的時間。無論您是在終端機、編輯器或整合式開發環境 (IDE) 或 CI/CD (持續整合與持續傳遞)，都提供最佳做法、適合開發人員使用的命令，可對應到工作流程中的關鍵階段。",
  "azdCliInstallFailure": "無法安裝 AZD。點擊 [深入瞭解] 連結以手動安裝。安裝 AZD 後，請關閉此對話框，然後再試一次。",
  "azureApiManagement": "Azure API 管理",
  "containerBuild": "容器組建",
  "containerAppsEnvironment": "容器應用程式環境",
  "containerName": "容器名稱",
  "containerRegistry": "Azure Container Registry",
  "containerRegistrySecrets": "容器登錄密碼",
  "copied": "已複製",
  "deleteAdditionalFiles": "刪除目的地的其他檔案",
  "deleteExistingFiles": "刪除現有檔案",
  "deploymentMode": "部署模式",
  "deploymentSlot": "部署位置",
  "defaultTargetName": "預設",
  "defaultTargetDescription": "預設",
  "dotnetEnvironment": "DOTNET_ENVIRONMENT",
  "editConfiguration": "編輯設定",
  "editDeleteExistingFiles": "編輯刪除現有的檔案",
  "editDeploymentMode": "編輯部署模式",
  "editPassword": "編輯密碼",
  "editSdkVersion": "編輯 SDK 版本",
  "editTargetRuntime": "編輯目標執行階段",
  "editTargetVersion": "編輯目標 Framework",
  "editUserName": "編輯使用者名稱",
  "editWebJobName": "編輯 Web 作業名稱",
  "editWebJobType": "編輯 Web 作業類型",
  "editWorkflow": "編輯工作流程",
  "environment": "環境",
  "environmentName": "環境名稱",
  "error": "錯誤",
  "frameworkDependent": "Framework 相依性",
  "githubGettingWorkflowStatus": "正在取得工作流程狀態",
  "githubSecret": "GitHub 密碼名稱",
  "githubSecretExists": "在存放庫中找到祕密",
  "gitHubServicePrincipalSecret": "GitHub 服務主體祕密名稱",
  "githubActionsWorkflow": "GitHub Actions 工作流程",
  "github_secret_help_description": "如何在工作流程中使用祕密?",
  "github_serviceprincipal_help_description": "為什麼需要服務主體?",
  "hostingSection": "裝載",
  "imageName": "映像名稱",
  "imageTag": "映像標籤",
  "ingressTargetPort": "目標連接埠",
  "installSiteExtensions": "安裝 ASP.NET Core 網站延伸模組",
  "lastUsedBuildConfiguration": "組態",
  "location": "位置",
  "logAnalyticsWorkspace": "Log Analytics 工作區",
  "name": "名稱",
  "newEnvironment": "新增環境",
  "notProvisionedYet": "未佈建",
  "ok": "確定",
  "openFolder": "開啟資料夾",
  "openInAzurePortal": "在 Azure 入口網站中開啟",
  "openSite": "開啟網站",
  "outputLocation": "輸出位置",
  "password": "密碼",
  "portable": "可攜",
  "publishProfileSecret": "發行設定檔祕密",
  "repository": "存放庫",
  "resources": "資源",
  "resourceGroup": "資源群組",
  "resourceName": "資源名稱",
  "sdkVersion": ".NET SDK 版本",
  "selfContained": "獨立式",
  "server": "伺服器",
  "servicesSection": "服務",
  "serviceDependenciesSection": "服務相依性",
  "servicePrincipalSecret": "服務主體祕密",
  "settingsSection": "設定",
  "showAll": "顯示所有設定",
  "siteUrl": "網站 URL",
  "site": "網站:",
  "source": "來源",
  "subscription": "訂閱",
  "targetFramework": "目標 Framework",
  "targetLocation": "目標位置",
  "targetRuntime": "目標執行階段",
  "userName": "使用者名稱",
  "vsWebWorkload": "ASP.NET 與網頁程式開發",
  "vsWebWorkloadDescription": "使用 ASP.NET Core、ASP.NET、HTML/JavaScript 及容器 (包括 Docker 支援) 建立 Web 應用程式。",
  "warning": "警告",
  "willBeGeneratedDuringPublish": "<會在發佈期間產生>",
  "webJobName": "WebJob 名稱",
  "webJobType": "WebJob 類型",
  "workflowTriggers": "觸發程序",
  "containerPrereqFailure": "遺漏容器必要條件。",
  "editCredentials": "編輯認證",
  "failedToGenerateAndPushSwagger": "無法在部署後產生 OpenAPI 定義並推送到 API 管理。",
  "failedToPushSwagger": "無法在部署後將 OpenAPI 定義推送到 API 管理。",
  "failedToPushToACRForAppService": "無法將 Docker 映像推送到您的 Azure Container Registry，以在您的 Azure App Service 中使用。",
  "failedToPushToACRForContainerApps": "無法將 Docker 映像推送到您的 Azure Container Registry，以在您的 Azure 容器應用程式中使用。",
  "failedToPushToContainerRegistry": "無法將 Docker 映像推送到您的 Azure Container Registry",
  "openInAppInsights": "在 Application Insights 中開啟",
  "profileLacksCreds": "若要發佈此設定檔，設定檔需要具有認證。",
  "seeLogsInOutputPane": "在輸出視窗中查看記錄",
  "seeLogsInAzDevOuputPane": "請在 AzDev 輸出視窗中參閱記錄",
  "siteDidNotStart": "Visual Studio 無法確認您的應用程式能夠啟動。",
  "basicAuthDisabled": "沒有為選取的 Azure 服務啟用基本驗證。"
}