{
  "account": "Cuenta",
  "azureCategoryName": "Azure",
  "azureCategoryDescription": "Aloje su aplicación en la nube de Microsoft",
  "azureCategoryMultipleTargetsDescription": "¿Qué servicio de Azure quiere usar para hospedar su aplicación?",
  "containerRegistryCategoryName": "Container Registry para Docker",
  "containerRegistryCategoryDescription": "Publique la aplicación en cualquier instancia compatible de Container Registry que funcione con imágenes de Docker.",
  "containerRegistryCategoryMultipleTargetsDescription": "¿Qué instancia de Container Registry quiere usar para hospedar su aplicación?",
  "folderCategoryName": "Carpeta",
  "folderCategoryDescription": "Publique su aplicación en un recurso compartido de archivos o una carpeta local.",
  "folderCategoryMultipleTargetsDescription": "¿En qué destino local quiere publicar?",
  "ftpCategoryName": "Servidor FTP/FTPS",
  "ftpCategoryDescription": "Publique la aplicación en un servidor FTP/FTPS.",
  "iisCategoryName": "Servidor web (IIS)",
  "iisCategoryDescription": "Publica la aplicación en IIS mediante Web Deploy o un paquete de Web Deploy.",
  "importCategoryName": "Importar perfil",
  "importCategoryDescription": "Importe la configuración de publicación para implementar la aplicación.",
  "aspireAcaAzDevEnvironmentTargetName": "Azure Container Apps para .NET Aspire",
  "aspireAcaAzDevEnvironmentTragetDescription": "Implementación de su proyecto .NET Aspire en Azure Container Apps con Azure Developer CLI (azd)",
  "azureAppServiceContainerLinuxTargetName": "Contenedor de Azure App Service",
  "azureAppServiceContainerLinuxTargetDescription": "Publique la aplicación como imagen de Docker en Azure Container Registry y ejecútela en Azure App Service.",
  "azureAppServiceLinuxTargetName": "Azure App Service (Linux)",
  "azureAppServiceLinuxTargetDescription": "Publique el código de la aplicación en una infraestructura administrada cuya escala sea fácil de modificar.",
  "azureAppServiceWindowsTargetName": "Azure App Service (Windows)",
  "azureAppServiceWindowsTargetDescription": "Publique el código de la aplicación en una infraestructura administrada cuya escala sea fácil de modificar.",
  "azureContainerAppLinuxTargetName": "Azure Container Apps (Linux)",
  "azureContainerAppLinuxTargetDescription": "Ejecución de microservicios y aplicaciones en contenedor escalables en una plataforma sin servidor en Azure",
  "azureContainerRegistryTargetName": "Azure Container Registry",
  "azureContainerRegistryTargetDescription": "Publique la aplicación como imagen de Docker en Azure Container Registry.",
  "azureFunctionAppContainerLinuxTargetName": "Contenedor de Azure Function App",
  "azureFunctionAppContainerLinuxTargetDescription": "Publique la aplicación como imagen de Docker en Azure Container Registry y ejecútela en Azure Function App.",
  "azureFunctionAppLinuxTargetName": "Azure Function App (Linux)",
  "azureFunctionAppLinuxTargetDescription": "Publique el código de la aplicación en un proceso sin servidor que ejecute código a petición y cuya escala se modifique dinámicamente.",
  "azureFunctionAppTargetName": "Aplicación de funciones de Azure",
  "azureFunctionAppTargetDescription": "Publique el código de la aplicación en un proceso sin servidor que ejecute código a petición y cuya escala se modifique dinámicamente.",
  "azureKubernetesServiceTargetName": "Servicio Azure Kubernetes",
  "azureKubernetesServiceTargetDescription": "Administración de clústeres de Kubernetes para la orquestación de contenedores de nivel empresarial en Azure",
  "azureSpringCloudSteelToeTargetName": "Azure Spring Cloud",
  "azureSpringCloudSteelToeTargetDescription": "Publique el código de la aplicación en un servicio totalmente administrado con componentes administrados de Spring Cloud en el registro del servicio y la administración de la configuración.",
  "azureStaticWebAppTargetName": "Azure Static Web Apps",
  "azureStaticWebAppTargetDescription": "Publicar el código de aplicación en una plataforma sin servidor en Azure",
  "azureVirtualMachineTargetName": "Máquina virtual de Azure",
  "azureVirtualMachineTargetDescription": "Administre su infraestructura.",
  "azureWebJobsTargetName": "Azure WebJobs (Windows)",
  "azureWebJobsTargetDescription": "Publique el código de la aplicación en una infraestructura administrada cuya escala sea fácil de modificar.",
  "azureWebJobsCreateNewText": "Crear una instancia de Azure _WebJobs...",
  "azureWebJobsDescription": "Seleccione una instancia existente de Azure WebJobs o cree una.",
  "azureWebJobsLinuxTargetName": "Azure WebJobs (Linux) (versión preliminar)",
  "azureWebJobsLinuxTargetDescription": "Publique el código de la aplicación en una infraestructura administrada cuya escala sea fácil de modificar.",
  "dockerContainerRegistryTargetName": "Docker Hub",
  "dockerContainerRegistryTargetDescription": "Publique la aplicación como imagen de Docker en Docker Hub.",
  "dockerCustomContainerRegistryTargetName": "Otra instancia de Container Registry para Docker",
  "dockerCustomContainerRegistryTargetDescription": "Publique la aplicación como imagen de Docker en cualquier instancia de Container Registry compatible.",
  "ftpSitePath": "Ruta de acceso del sitio FTP",
  "ftpPassiveMode": "Modo pasivo de FTP",
  "ftpTargetName": "Servidor FTP",
  "ftpTargetDescription": "Publique el código de la aplicación en un servidor FTP.",
  "iisAppPath": "Aplicación de IIS",
  "iisWebDeployTargetName": "Web Deploy",
  "iisWebDeployTargetDescription": "Publique el código de la aplicación en IIS mediante Web Deploy.",
  "iisWebDeployPackageTargetName": "Paquete de Web Deploy",
  "iisWebDeployPackageTargetDescription": "Publique el código de la aplicación en IIS mediante un paquete de Web Deploy.",
  "attentionRequired": "Se requiere atención",
  "azCopyService": "Azure Storage AzCopy",
  "azCopyServiceDescription": "Permite copiar archivos en diversos servicios de Azure.",
  "apiLocation": "Ubicación de la API",
  "appLocation": "Ubicación de la aplicación",
  "azdCli": "Azure Developer CLI (azd)",
  "azdCliDescription": "Una herramienta de origen abierto que acelera el tiempo que tarda en pasar su aplicación del entorno de desarrollo regional a Azure. Proporciona procedimientos recomendados y sencillos para los desarrolladores que se adaptan a las fases clave de su flujo de trabajo, tanto si trabaja en el terminal, en su editor o en un entorno de desarrollo integrado (IDE), como en CI/CD (integración continua/implementación continua).",
  "azdCliInstallFailure": "No se pudo instalar AZD. Haga clic en el vínculo Más información para instalarlo manualmente. Una vez instalado AZD, cierre este cuadro de diálogo e inténtelo de nuevo.",
  "azureApiManagement": "Azure API Management",
  "containerBuild": "Compilación de contenedores",
  "containerAppsEnvironment": "Entorno de Container Apps",
  "containerName": "Nombre del contenedor",
  "containerRegistry": "Container Registry",
  "containerRegistrySecrets": "Secretos de Container Registry",
  "copied": "Copiado",
  "deleteAdditionalFiles": "Eliminar archivos adicionales en el destino",
  "deleteExistingFiles": "Eliminar archivos existentes",
  "deploymentMode": "Modo de implementación",
  "deploymentSlot": "Ranura de implementación",
  "defaultTargetName": "Predeterminado",
  "defaultTargetDescription": "Predeterminado",
  "dotnetEnvironment": "DOTNET_ENVIRONMENT",
  "editConfiguration": "Editar configuración",
  "editDeleteExistingFiles": "Editar el eliminar archivos existentes",
  "editDeploymentMode": "Editar el modo de implementación",
  "editPassword": "Editar contraseña",
  "editSdkVersion": "Editar la versión del SDK",
  "editTargetRuntime": "Editar el tiempo de ejecución del objetivo",
  "editTargetVersion": "Editar el marco de destino",
  "editUserName": "Editar el nombre de usuario",
  "editWebJobName": "Editar el nombre del trabajo web",
  "editWebJobType": "Editar el tipo de trabajo web",
  "editWorkflow": "Editar flujo de trabajo",
  "environment": "Entorno",
  "environmentName": "Nombre del entorno",
  "error": "Error",
  "frameworkDependent": "Dependiente de marco de trabajo",
  "githubGettingWorkflowStatus": "Obteniendo el estado del flujo de trabajo",
  "githubSecret": "Nombre de secreto de GitHub",
  "githubSecretExists": "Se encontró el secreto en el repositorio",
  "gitHubServicePrincipalSecret": "Nombre del secreto de la entidad de servicio de GitHub",
  "githubActionsWorkflow": "Flujo de trabajo de Acciones de GitHub",
  "github_secret_help_description": "¿Cómo se usan los secretos en los flujos de trabajo?",
  "github_serviceprincipal_help_description": "¿Por qué es necesaria la entidad de servicio?",
  "hostingSection": "Hospedaje",
  "imageName": "Nombre de la imagen",
  "imageTag": "Etiqueta de imagen",
  "ingressTargetPort": "Puerto de destino",
  "installSiteExtensions": "Instalar la extensión de sitio de ASP.NET Core",
  "lastUsedBuildConfiguration": "Configuración",
  "location": "Ubicación",
  "logAnalyticsWorkspace": "Área de trabajo de Log Analytics",
  "name": "Nombre",
  "newEnvironment": "Nuevo entorno",
  "notProvisionedYet": "Aún no aprovisionado",
  "ok": "Aceptar",
  "openFolder": "Abrir carpeta",
  "openInAzurePortal": "Abrir en Azure Portal",
  "openSite": "Abrir sitio",
  "outputLocation": "Ubicación de salida",
  "password": "Contraseña",
  "portable": "Portable",
  "publishProfileSecret": "Publicar el secreto del perfil",
  "repository": "Repositorio",
  "resources": "Recursos",
  "resourceGroup": "Grupo de recursos",
  "resourceName": "Nombre del recurso",
  "sdkVersion": "Versión del SDK de .NET",
  "selfContained": "Independiente",
  "server": "Servidor",
  "servicesSection": "Servicios",
  "serviceDependenciesSection": "Dependencias del servicio",
  "servicePrincipalSecret": "Secreto de la entidad de servicio",
  "settingsSection": "Configuración",
  "showAll": "Mostrar todas las configuraciones",
  "siteUrl": "Dirección URL del sitio",
  "site": "Sitio:",
  "source": "Origen",
  "subscription": "Suscripción",
  "targetFramework": "Plataforma de destino",
  "targetLocation": "Ubicación de destino",
  "targetRuntime": "Tiempo de ejecución de destino",
  "userName": "Nombre de usuario",
  "vsWebWorkload": "Desarrollo de ASP.NET y web",
  "vsWebWorkloadDescription": "Compila aplicaciones web con ASP.NET Core, ASP.NET, HTML/JavaScript y contenedores, e incluye compatibilidad con Docker.",
  "warning": "Advertencia",
  "willBeGeneratedDuringPublish": "<Se generará durante la publicación>",
  "webJobName": "Nombre del WebJob",
  "webJobType": "Tipo de WebJob",
  "workflowTriggers": "Desencadenadores",
  "containerPrereqFailure": "Faltaban los requisitos previos del contenedor.",
  "editCredentials": "Edición de credenciales",
  "failedToGenerateAndPushSwagger": "Error al generar y enviar la definición de OpenAPI a API Management después de la implementación.",
  "failedToPushSwagger": "Error al insertar la definición de OpenAPI en API Management después de la implementación.",
  "failedToPushToACRForAppService": "Error al insertar la imagen de Docker en el Registro de contenedores de Azure para su uso en el Servicio de aplicaciones de Azure.",
  "failedToPushToACRForContainerApps": "Error al insertar la imagen de Docker en el Registro de contenedores de Azure para usarla en la aplicación de contenedor de Azure.",
  "failedToPushToContainerRegistry": "No se pudo insertar la imagen de Docker en Container Registry",
  "openInAppInsights": "Abrir en Application Insights",
  "profileLacksCreds": "Para publicar este perfil, el perfil debe tener credenciales.",
  "seeLogsInOutputPane": "Ver registros en la ventana de salida",
  "seeLogsInAzDevOuputPane": "Visualización de registros en la ventana de salida de AzDev",
  "siteDidNotStart": "Visual Studio no pudo confirmar que la aplicación pueda iniciar.",
  "basicAuthDisabled": "La autenticación básica no está habilitada para el servicio de Azure seleccionado."
}