{
  "account": "Účet",
  "azureCategoryName": "Azure",
  "azureCategoryDescription": "Hostujte svou aplikaci v Microsoft Cloudu",
  "azureCategoryMultipleTargetsDescription": "Kterou službu Azure chcete použít k hostování své aplikace?",
  "containerRegistryCategoryName": "Registr kontejneru Dockeru",
  "containerRegistryCategoryDescription": "Publikovat aplikaci do libovolného podporovaného registru kontejneru, který pracuje s imagemi Dockeru",
  "containerRegistryCategoryMultipleTargetsDescription": "Který registr kontejneru chcete použít k hostování vaší aplikace?",
  "folderCategoryName": "Složka",
  "folderCategoryDescription": "Publikovat aplikaci do místní nebo sdílené složky",
  "folderCategoryMultipleTargetsDescription": "Do kterého místního cíle chcete publikovat?",
  "ftpCategoryName": "Server FTP/FTPS",
  "ftpCategoryDescription": "Publikovat aplikaci na server FTP/FTPS",
  "iisCategoryName": "Webový server (IIS)",
  "iisCategoryDescription": "Publikovat aplikaci do IIS pomocí funkce Nasazení webu nebo Balíček pro nasazení webu",
  "importCategoryName": "Importovat profil",
  "importCategoryDescription": "Pokud chcete nasadit svou aplikaci, importujte nastavení publikování.",
  "aspireAcaAzDevEnvironmentTargetName": "Azure Container Apps pro .NET Aspire",
  "aspireAcaAzDevEnvironmentTragetDescription": "Nasazení projektu .NET Aspire do Azure Container Apps pomocí Azure Developer CLI (azd)",
  "azureAppServiceContainerLinuxTargetName": "Kontejner Azure App Service",
  "azureAppServiceContainerLinuxTargetDescription": "Publikovat aplikaci jako image Dockeru do Azure Container Registry a spustit ji v Azure App Service",
  "azureAppServiceLinuxTargetName": "Azure App Service (Linux)",
  "azureAppServiceLinuxTargetDescription": "Umožňuje publikovat kód aplikace do spravované infrastruktury se snadným škálováním.",
  "azureAppServiceWindowsTargetName": "Azure App Service (Windows)",
  "azureAppServiceWindowsTargetDescription": "Umožňuje publikovat kód aplikace do spravované infrastruktury se snadným škálováním.",
  "azureContainerAppLinuxTargetName": "Azure Container Apps (Linux)",
  "azureContainerAppLinuxTargetDescription": "Spouštění škálovatelných kontejnerizovaných aplikací a mikroslužeb na bezserverové platformě v Azure",
  "azureContainerRegistryTargetName": "Azure Container Registry",
  "azureContainerRegistryTargetDescription": "Publikovat aplikaci jako image Dockeru do Azure Container Registry",
  "azureFunctionAppContainerLinuxTargetName": "Kontejner aplikace funkcí Azure",
  "azureFunctionAppContainerLinuxTargetDescription": "Publikovat aplikaci jako image Dockeru do Azure Container Registry a spustit ji v aplikaci funkcí Azure",
  "azureFunctionAppLinuxTargetName": "Aplikace funkcí Azure (Linux)",
  "azureFunctionAppLinuxTargetDescription": "Umožňuje publikovat kód aplikace na bezserverový výpočetní prostředek, který se dynamicky škáluje a který spouští kód na vyžádání.",
  "azureFunctionAppTargetName": "Aplikace funkcí Azure",
  "azureFunctionAppTargetDescription": "Umožňuje publikovat kód aplikace na bezserverový výpočetní prostředek, který se dynamicky škáluje a který spouští kód na vyžádání.",
  "azureKubernetesServiceTargetName": "Azure Kubernetes Service",
  "azureKubernetesServiceTargetDescription": "Správa clusterů Kubernetes pro orchestraci kontejnerů na podnikové úrovni v Azure",
  "azureSpringCloudSteelToeTargetName": "Azure Spring Cloud",
  "azureSpringCloudSteelToeTargetDescription": "Publikujte kód aplikace do plně spravované služby pomocí spravovaných komponent Spring Cloud v registru služby a správě konfigurací.",
  "azureStaticWebAppTargetName": "Azure Static Web Apps",
  "azureStaticWebAppTargetDescription": "Publikování kódu aplikace na bezserverové platformě v Azure",
  "azureVirtualMachineTargetName": "Virtuální počítač Azure",
  "azureVirtualMachineTargetDescription": "Spravovat vlastní infrastrukturu",
  "azureWebJobsTargetName": "Azure WebJobs (Windows)",
  "azureWebJobsTargetDescription": "Umožňuje publikovat kód aplikace do spravované infrastruktury se snadným škálováním.",
  "azureWebJobsCreateNewText": "Vytvořit novou úlohu Azure WebJob...",
  "azureWebJobsDescription": "Vybrat existující úlohu Azure WebJob nebo vytvořit novou",
  "azureWebJobsLinuxTargetName": "Azure WebJobs (Linux) (Preview)",
  "azureWebJobsLinuxTargetDescription": "Umožňuje publikovat kód aplikace do spravované infrastruktury se snadným škálováním.",
  "dockerContainerRegistryTargetName": "Docker Hub",
  "dockerContainerRegistryTargetDescription": "Publikovat aplikaci jako image Dockeru na Docker Hub",
  "dockerCustomContainerRegistryTargetName": "Další registr kontejneru Dockeru",
  "dockerCustomContainerRegistryTargetDescription": "Publikovat aplikaci jako image Dockeru do libovolného podporovaného registru kontejneru",
  "ftpSitePath": "Cesta k serveru FTP",
  "ftpPassiveMode": "Pasivní režim FTP",
  "ftpTargetName": "Server FTP",
  "ftpTargetDescription": "Publikovat kód aplikace na server FTP",
  "iisAppPath": "Aplikace služby IIS",
  "iisWebDeployTargetName": "Webové nasazení",
  "iisWebDeployTargetDescription": "Publikovat kód aplikace do IIS pomocí nasazení webu",
  "iisWebDeployPackageTargetName": "Balíček pro nasazení webu",
  "iisWebDeployPackageTargetDescription": "Publikovat kód aplikace do IIS pomocí balíčku pro nasazení webu",
  "attentionRequired": "Vyžaduje pozornost",
  "azCopyService": "Azure Storage AzCopy",
  "azCopyServiceDescription": "Umožní kopírovat soubory na různé služby Azure",
  "apiLocation": "Umístění rozhraní API",
  "appLocation": "Umístění aplikace",
  "azdCli": "Azure Developer CLI (azd)",
  "azdCliDescription": "Opensourcový nástroj, který zrychluje dobu potřebnou k tomu, abyste svou aplikaci dostali z místního vývojového prostředí do Azure. Poskytuje osvědčené postupy, příkazy vhodné pro vývojáře, které se mapují na klíčové fáze ve vašem pracovního postupu, ať už pracujete v terminálu, v editoru nebo integrovaném vývojovém prostředí (IDE) nebo CI/CD (kontinuální integrace / průběžné nasazování).",
  "azdCliInstallFailure": "AZD nelze nainstalovat. Pokud chcete instalaci provést ručně, klikněte na odkaz Další informace. Po instalaci AZD zavřete toto dialogové okno a zkuste to znovu.",
  "azureApiManagement": "Azure API Management",
  "containerBuild": "Build kontejneru",
  "containerAppsEnvironment": "Prostředí Container Apps",
  "containerName": "Název kontejneru",
  "containerRegistry": "Registr kontejneru",
  "containerRegistrySecrets": "Tajné kódy registru kontejneru",
  "copied": "Zkopírováno",
  "deleteAdditionalFiles": "Odstranit další soubory v cíli",
  "deleteExistingFiles": "Odstranit existující soubory",
  "deploymentMode": "Režim nasazení",
  "deploymentSlot": "Slot pro nasazení",
  "defaultTargetName": "Výchozí",
  "defaultTargetDescription": "Výchozí",
  "dotnetEnvironment": "DOTNET_ENVIRONMENT",
  "editConfiguration": "Upravit konfiguraci",
  "editDeleteExistingFiles": "Upravit/odstranit existující soubory",
  "editDeploymentMode": "Upravit režim nasazení",
  "editPassword": "Upravit heslo",
  "editSdkVersion": "Upravit verzi sady SDK",
  "editTargetRuntime": "Upravit cílový modul runtime",
  "editTargetVersion": "Upravit cílovou architekturu",
  "editUserName": "Upravit uživatelské jméno",
  "editWebJobName": "Upravit název webové úlohy",
  "editWebJobType": "Upravit typ webové úlohy",
  "editWorkflow": "Upravit pracovní postup",
  "environment": "Prostředí",
  "environmentName": "Název prostředí",
  "error": "Chyba",
  "frameworkDependent": "Závislé na architektuře",
  "githubGettingWorkflowStatus": "Načítání stavu pracovního postupu",
  "githubSecret": "Název tajného kódu GitHubu",
  "githubSecretExists": "V úložišti se našel tajný kód.",
  "gitHubServicePrincipalSecret": "Název tajného kódu instančního objektu GitHubu",
  "githubActionsWorkflow": "Pracovní postup GitHub Actions",
  "github_secret_help_description": "Jak se tajné kódy používají v pracovních postupech?",
  "github_serviceprincipal_help_description": "Proč se vyžaduje instanční objekt?",
  "hostingSection": "Hostování",
  "imageName": "Název image",
  "imageTag": "Značka image",
  "ingressTargetPort": "Cílový port",
  "installSiteExtensions": "Nainstalovat rozšíření webu ASP.NET Core",
  "lastUsedBuildConfiguration": "Konfigurace",
  "location": "Umístění",
  "logAnalyticsWorkspace": "Pracovní prostor služby Log Analytics",
  "name": "Název",
  "newEnvironment": "Nové prostředí",
  "notProvisionedYet": "Zatím nezřízen(a/o)",
  "ok": "OK",
  "openFolder": "Otevřít složku",
  "openInAzurePortal": "Otevřít na portálu Azure Portal",
  "openSite": "Otevřít web",
  "outputLocation": "Umístění výstupu",
  "password": "Heslo",
  "portable": "Přenosné",
  "publishProfileSecret": "Publikovat tajný kód profilu",
  "repository": "Úložiště",
  "resources": "Prostředky",
  "resourceGroup": "Skupina prostředků",
  "resourceName": "Název prostředku",
  "sdkVersion": "Verze sady .NET SDK",
  "selfContained": "Nezávislý",
  "server": "Server",
  "servicesSection": "Služby",
  "serviceDependenciesSection": "Závislosti služby",
  "servicePrincipalSecret": "Tajný kód instančního objektu",
  "settingsSection": "Nastavení",
  "showAll": "Zobrazit všechna nastavení",
  "siteUrl": "Adresa URL webu",
  "site": "Web:",
  "source": "Zdroj",
  "subscription": "Předplatné",
  "targetFramework": "Cílová architektura",
  "targetLocation": "Cílové umístění",
  "targetRuntime": "Cílový modul runtime",
  "userName": "Uživatelské jméno",
  "vsWebWorkload": "Vývoj pro ASP.NET a web",
  "vsWebWorkloadDescription": "Umožňuje sestavovat webové aplikace pomocí technologií ASP.NET Core, ASP.NET, HTML/JavaScript a Containers včetně podpory Dockeru.",
  "warning": "Upozornění",
  "willBeGeneratedDuringPublish": "<Vygeneruje se během publikování>",
  "webJobName": "Název úlohy WebJob",
  "webJobType": "Typ úlohy WebJob",
  "workflowTriggers": "Triggery",
  "containerPrereqFailure": "Chybí požadavky na kontejner.",
  "editCredentials": "Upravit přihlašovací údaje",
  "failedToGenerateAndPushSwagger": "Po nasazení se nepovedlo vygenerovat a odeslat definici OpenAPI do služby API Management.",
  "failedToPushSwagger": "Po nasazení se nepodařilo odeslat definici OpenAPI do služby API Management.",
  "failedToPushToACRForAppService": "Image Dockeru se nepovedlo odeslat do Azure Container Registry pro použití v Azure App Service.",
  "failedToPushToACRForContainerApps": "Image Dockeru se nepovedlo odeslat do Azure Container Registry pro použití v Azure Container App.",
  "failedToPushToContainerRegistry": "Vložení vašeho image Dockeru do vaší Container Registry se nepodařilo",
  "openInAppInsights": "Otevřít v Application Insights",
  "profileLacksCreds": "Aby bylo možné tento profil publikovat, je nutné, aby měl přihlašovací údaje.",
  "seeLogsInOutputPane": "Zobrazit protokoly v okně Výstup",
  "seeLogsInAzDevOuputPane": "Zobrazit protokoly v okně Výstup AzDev",
  "siteDidNotStart": "Visual Studio nedokázalo potvrdit, že se vaší aplikaci podařilo se spustit.",
  "basicAuthDisabled": "Pro vybranou službu Azure není povolené základní ověřování."
}